line,reactance,limit
line_301441_301741,0.002620894067176912,19993.17738791423
line_301441_301721,0.015206555644883693,3445.8822381405084
line_400061_400071,0.0006193539408218142,84604.28931875527
line_100011_100221,0.08292502481841726,631.8961027113519
line_100011_102281,0.09262268211770627,565.7361544919344
line_100221_100931,0.09006587726173683,581.7963649842933
line_100221_131751,0.09572540665970906,547.3990848247315
line_100221_100331,0.09341773868402659,560.9213061476067
line_100221_110161,0.06464775697262824,810.5462966361861
line_100221_100251,0.07628582869227338,686.8903556304599
line_100221_105251,0.0934970410464653,560.4455436612024
line_100221_103441,0.07445496217894126,703.7811647001379
line_100221_102281,0.05267435414036796,994.7915044266732
line_100221_105581,0.09218508962640481,568.4216418550938
line_100221_107501,0.061467519007616996,852.4827558682928
line_100221_105701,0.09468115153206788,553.4364459250633
line_100221_135041,0.07575524227824634,691.7013057332276
line_100251_100931,0.0827213052044645,633.4522874183561
line_100251_131751,0.09174231495143399,571.1650074203949
line_100251_100331,0.0702293070873302,746.1272533251761
line_100251_110161,0.053896131363394065,972.240468368566
line_100251_103441,0.07040586168742721,744.2562131067189
line_100251_102281,0.06189572451112356,846.5851302957599
line_100251_107501,0.05242205125162206,999.579351606899
line_100251_135041,0.07445384367975949,703.7917374069044
line_100331_100931,0.022345980499648824,2344.9407378129363
line_100331_131751,0.07317042658520408,716.1363196233696
line_100331_100351,0.003196853692318451,16391.116092021715
line_100331_110161,0.08962379052456101,584.6661884451318
line_100331_103441,0.08862411808872973,591.2611728055512
line_100331_102281,0.0850074473229643,616.4165805487542
line_100331_107501,0.08804034757268049,595.1816575547014
line_100331_135041,0.060835676007898985,861.3366931797768
line_100351_100931,0.05450346164589811,961.4068247708004
line_100351_131751,0.0805268509108349,650.714630055769
line_100351_135041,0.07152471635817101,732.6138804605523
line_100931_204901,0.03722607653967659,1407.6154371022853
line_100931_201361,0.03430693487845397,1527.3879810495446
line_100931_134461,0.04649732158274246,1126.9466329744105
line_100931_130001,0.0909153870239765,576.3600828777301
line_100931_200071,0.07251231679767464,722.6358543502004
line_100931_133661,0.0688966233339874,760.559770048274
line_100931_131751,0.028308347093517035,1851.044139980898
line_100931_110161,0.07621440749393325,687.5340466849538
line_100931_106001,0.05830787314703074,898.6779515669645
line_100931_106771,0.08620744328751027,607.836145021038
line_100931_103441,0.08319901851224089,629.8151220652982
line_100931_102281,0.07789123429788608,672.7329522036102
line_100931_105581,0.09534906398116652,549.5596685705286
line_100931_107501,0.07397333843588318,708.3633253272462
line_100931_105701,0.09130007647657229,573.9316112560531
line_100931_135041,0.024153903968791475,2169.4215588380434
line_102281_742351,0.09211350745035142,568.8633670609412
line_102281_131751,0.08695678035104425,602.5982078506285
line_102281_110161,0.03691477587663368,1419.485795474331
line_102281_106001,0.09229382834741896,567.7519389785438
line_102281_740531,0.09483523027432142,552.5372780603494
line_102281_106771,0.09064222900526207,578.0969927047802
line_102281_105251,0.0655536762515033,799.3449489996887
line_102281_103441,0.05647834201223943,927.7892751994098
line_102281_105581,0.07562504899302724,692.8921130990788
line_102281_107501,0.03151341081669788,1662.7841494147322
line_102281_105701,0.08123826536495116,645.0162342167275
line_102281_135041,0.0552223768970667,948.890702362784
line_103441_131751,0.09196369354912454,569.7900766894419
line_103441_110161,0.07200285188950008,727.7489519500728
line_103441_105251,0.09540227071034733,549.2531740580122
line_103441_105581,0.09490840261136957,552.111283703375
line_103441_107501,0.06904658499640076,758.9079170639865
line_103441_135041,0.07400375868994498,708.0721429237308
line_105251_110161,0.07676637853846834,682.5904907542549
line_105251_105581,0.09528551141430734,549.9262083210273
line_105251_107501,0.07280681077199422,719.7128873574575
line_105251_135041,0.08737828013475273,599.6913640230725
line_105581_742351,0.09547395558686343,548.8407773398035
line_105581_110161,0.06311337963008994,830.2518468685803
line_105581_106001,0.09010147949764863,581.5664769563243
line_105581_106771,0.09457845920084273,554.037361601817
line_105581_107501,0.06232657378886145,840.7328818925796
line_105581_105701,0.07715484588647423,679.1537122256904
line_105581_135041,0.0634283757618825,826.1286745969295
line_105701_742351,0.09544933265575861,548.9823610289917
line_105701_131751,0.09549138732389374,548.7405876957926
line_105701_110161,0.06803472704171327,770.1949030804908
line_105701_106001,0.05237686185278452,1000.4417627631168
line_105701_106771,0.09428297520306708,555.7737214713543
line_105701_107501,0.06811061049565122,769.3368128501165
line_105701_135041,0.05887360401563954,890.0423352047574
line_106001_134461,0.09272980322528597,565.0826182893413
line_106001_131751,0.06331020780951661,827.6706365845064
line_106001_110161,0.08085782820713396,648.0510441829656
line_106001_106771,0.09262784066269808,565.7046480313977
line_106001_107501,0.08146061794316861,643.2556163096763
line_106001_135041,0.03393606020736682,1544.0802403051207
line_106771_742351,0.048576261267149395,1078.7162007347915
line_106771_741321,0.07631554445183414,686.622894148017
line_106771_134461,0.08390296799799522,624.5309462860962
line_106771_771731,0.08904925950996778,588.4383574703907
line_106771_740011,0.09560422110221309,548.0929544311409
line_106771_110161,0.0711680130331335,736.2858363855722
line_106771_107501,0.07411776547407128,706.9829974614003
line_106771_135041,0.0532525766438448,983.9899456969592
line_107501_742351,0.07554817239251437,693.5971889267307
line_107501_134461,0.08302657514289513,631.1232266273246
line_107501_131751,0.0829217972259898,631.9206982115012
line_107501_110161,0.015221070634548355,3442.5962048335787
line_107501_740531,0.0787904241903263,665.0554371102568
line_107501_135041,0.03865814572727885,1355.4711177733573
line_110161_742351,0.07227871006243226,724.9714328705977
line_110161_134461,0.08977902408484997,583.6552639564991
line_110161_131751,0.0846654162639759,618.9067781421345
line_110161_740531,0.07292709642363895,718.5257958935385
line_110161_135041,0.0387880365654504,1350.9320048098068
line_130001_200001,0.09533391062350383,549.6470212675949
line_130001_200071,0.0674679977078397,776.6645191830139
line_130001_131751,0.09374472528355018,558.9647827278328
line_130001_135041,0.07530372966820782,695.8486681984697
line_131751_204901,0.03833882829229461,1366.7606010414102
line_131751_200071,0.0729771583632014,718.032891048038
line_131751_133661,0.06959337237463507,752.9452620562816
line_131751_135041,0.03210495578691906,1632.146773469472
line_133661_216471,0.05897596536167003,888.4975375758086
line_133661_211651,0.05694885180516577,920.1239066113507
line_133661_204901,0.0773627307257369,677.328728037875
line_133661_201361,0.0631016727310493,830.4058788320594
line_133661_200071,0.06327499817066085,828.1311973912734
line_133661_135041,0.061757234930229665,848.4835834894322
line_134201_740011,0.02193985528227042,2388.347567740996
line_134201_135041,0.018116029776691515,2892.4659898395066
line_134461_742351,0.0925100050536937,566.4252203811527
line_134461_740011,0.08092205017757922,647.5367330043039
line_134461_135041,0.02879294835879841,1819.8900420695495
line_135041_230601,0.03491945982052202,1500.5959504907562
line_135041_230541,0.033049599096737124,1585.4957830690685
line_135041_216471,0.0271958485060865,1926.7646673451925
line_135041_742351,0.06132680302866673,854.4388002013742
line_135041_211651,0.028318220934076103,1850.3987281540567
line_135041_211211,0.026318000545035355,1991.0327120152283
line_135041_200261,0.0343195639383274,1526.8259262898366
line_135041_204901,0.02761668071757183,1897.4039833345773
line_135041_201361,0.026540920590489007,1974.3098142111035
line_135041_740011,0.053393048119053585,981.4011719870474
line_135041_233771,0.026527613942503716,1975.3001575479957
line_135041_300011,0.03224559100012864,1625.028364336413
line_135041_200071,0.06519023581601541,803.801356814954
line_200001_200071,0.06575863661465767,796.8535039292465
line_200071_216471,0.05696606594250921,919.8458614446478
line_200071_204901,0.0737043681510598,710.9483645881651
line_200071_201361,0.061248367869929266,855.5330014879712
line_200261_216471,0.07629199204120789,686.834864289518
line_200261_211651,0.06988279018790658,749.8269582411147
line_200261_211211,0.057133579651320765,917.14890472102
line_200261_204901,0.07691407842287382,681.2796964413285
line_200261_201361,0.0818451965630859,640.2330521573165
line_200261_300011,0.09118782575930959,574.6381116522055
line_201361_232301,0.08607699371401405,608.757319918677
line_201361_230601,0.07732311841884124,677.675720683709
line_201361_230541,0.06418610662108615,816.3760470678833
line_201361_230171,0.08105471939133628,646.4768540744698
line_201361_216471,0.04280365089255736,1224.1946401144778
line_201361_211651,0.04671257689658098,1121.753572191289
line_201361_211211,0.05092918089792567,1028.8796928625695
line_201361_204901,0.04656219327345444,1125.376540839921
line_201361_261331,0.07623717869200104,687.3286879056283
line_201361_252891,0.06590556634099122,795.0770004598053
line_201361_233771,0.06112603028528572,857.2452645041756
line_201361_300011,0.054320849935721456,964.6388092602672
line_204901_232301,0.07691939551931025,681.2326025994995
line_204901_230601,0.08121036982361789,645.2377955402544
line_204901_230541,0.06513533923023296,804.4788070387178
line_204901_230171,0.07951035845681712,659.0336280329936
line_204901_216471,0.028437410887604868,1842.6431367856983
line_204901_211651,0.03511517906749289,1492.2321739919066
line_204901_211211,0.03630590361862191,1443.2914423626453
line_204901_261331,0.06726262416979373,779.0359155141581
line_204901_252891,0.060093409186139375,871.9758241322434
line_204901_233771,0.06097786118351987,859.3282706701731
line_204901_300011,0.0763844558711821,686.003446674668
line_211211_232301,0.09489163083839942,552.2088674947242
line_211211_230601,0.08199470618651114,639.0656474920117
line_211211_230541,0.06362533214250846,823.5713392054931
line_211211_230171,0.07554641780855414,693.6132978904359
line_211211_216471,0.033728137338629643,1553.5989869201887
line_211211_211651,0.017013710648589735,3079.8689999082258
line_211211_252891,0.09499565390634461,551.6041823519706
line_211211_233771,0.06158948549840189,850.7945727417981
line_211211_300011,0.08360923889303097,626.7249970668931
line_211651_232301,0.09329867725300948,561.6371157964061
line_211651_230601,0.07846875412860868,667.7817251197525
line_211651_230541,0.058905357677525146,889.562546871569
line_211651_230171,0.07249557817038702,722.8027049711061
line_211651_216471,0.028950051945350126,1810.014023426177
line_211651_261331,0.09462143468190957,553.7857270517399
line_211651_252891,0.09343492763099527,560.8181151158434
line_211651_233771,0.05765073982200193,908.921553509743
line_211651_300011,0.08072348503364225,649.1295560165895
line_216471_232301,0.09063342158659951,578.1531700194306
line_216471_230601,0.07336621936404437,714.2251632183792
line_216471_230541,0.05431583450483097,964.727882351498
line_216471_230171,0.07061065555229092,742.0976280441843
line_216471_261331,0.09258392213138274,565.9729982668149
line_216471_252891,0.08186930405747017,640.0445271064785
line_216471_233771,0.0542655681441345,965.6215127209324
line_216471_300011,0.07603822751993936,689.127057653458
line_230171_232301,0.08745567269997849,599.1606762863868
line_230171_230601,0.08703270560962664,602.0725155326444
line_230171_230541,0.07441437828948051,704.1649907516254
line_230171_261331,0.08055494074986864,650.487723188915
line_230171_258301,0.09336265152774523,561.2522688949973
line_230171_252891,0.08475310162457568,618.2664586378474
line_230171_233771,0.017570406558058728,2982.287280994449
line_230171_300011,0.0958429952489422,546.7274876363834
line_230171_262011,0.09414406865772454,556.5937477219982
line_230541_232301,0.08707914474630739,601.7514314438881
line_230541_230601,0.03799308325827464,1379.1984094522686
line_230541_261331,0.09018100547257484,581.0536234920944
line_230541_252891,0.08625045679145626,607.5330143085179
line_230541_233771,0.054516653243456795,961.1741895819542
line_230541_300011,0.08859258512908455,591.4716217350488
line_230601_232301,0.09182939152628367,570.6234042180486
line_230601_261331,0.09449511686335549,554.5260087436363
line_230601_252891,0.091869239693791,570.3758970320669
line_230601_233771,0.06933166499184223,755.7874169928782
line_230601_300011,0.09447390887830981,554.6504915711229
line_232301_261331,0.06420768857905482,816.1016407790983
line_232301_255951,0.09395661588729481,557.7042074701387
line_232301_258301,0.07981813044233625,656.4924498933963
line_232301_255981,0.0922314068100138,568.1361893128014
line_232301_254001,0.0935857905851201,559.9140603758651
line_232301_254031,0.09149977009537788,572.6790345525359
line_232301_254391,0.08865385962423847,591.0628169162479
line_232301_252891,0.06003982755692957,872.7540056692284
line_232301_233771,0.062134618831286896,843.330191535911
line_232301_300011,0.08956655269046133,585.0398215178878
line_232301_262011,0.07984076237197431,656.3063583470171
line_232631_301741,0.08849336744983183,592.134772469884
line_232631_301721,0.0948606275475594,552.3893458719604
line_232631_302201,0.08364462394728282,626.4598670803422
line_232631_302071,0.0734964997688347,712.9591227447759
line_232631_303741,0.09086674449011771,576.6686183601396
line_233771_280991,0.09363369033033195,559.6276277815936
line_233771_261331,0.05113643569423848,1024.7096671601594
line_233771_255951,0.09245995668783313,566.7318250744471
line_233771_258301,0.07161754484988357,731.6642885459818
line_233771_257141,0.0957072439439952,547.5029667625033
line_233771_256181,0.09562843058625094,547.954198126659
line_233771_255981,0.08974732165672103,583.8614348896934
line_233771_254001,0.09164676198473769,571.7605168497539
line_233771_254031,0.0885339567917145,591.8633019337038
line_233771_254391,0.0856293613241548,611.9396336688397
line_233771_252891,0.05509448967140143,951.093300119992
line_233771_300011,0.0834268485891332,628.0951622428345
line_233771_262011,0.07291122075400402,718.6822475074576
line_251601_280991,0.08665836974167586,604.6732722551983
line_251601_280781,0.09036378420902527,579.87832690573
line_251601_261331,0.08474833277481246,618.3012489370586
line_251601_253751,0.08249415928302099,635.1964848835669
line_251601_253851,0.03656453713220932,1433.0825469096771
line_251601_256751,0.0955083903339387,548.6428974123311
line_251601_255951,0.08916294146845205,587.6881037907476
line_251601_258301,0.0672786897078957,778.8498888356091
line_251601_257141,0.09284214036053265,564.3988796091493
line_251601_256181,0.08355175785535575,627.1561645742336
line_251601_255981,0.04050085985249516,1293.7996919285597
line_251601_254001,0.06491983266982894,807.1493385772781
line_251601_254031,0.029270872949628553,1790.175513049226
line_251601_254391,0.06385775920794069,820.5737352820247
line_251601_252891,0.0440481440954813,1189.6074414943507
line_251601_261001,0.08499570581827973,616.501733770302
line_251601_262011,0.08110974484228803,646.0382793940231
line_252891_286671,0.08228922109776579,636.7784176465209
line_252891_285491,0.09154306775299018,572.408171216093
line_252891_284741,0.08653803089495109,605.5141243461918
line_252891_283651,0.08256103215174636,634.6819877892191
line_252891_284011,0.054384802212512906,963.504469414872
line_252891_281221,0.09161651048639656,571.9493104660484
line_252891_280991,0.027667556642115648,1893.9149805601749
line_252891_280781,0.04572296391940191,1146.032442086826
line_252891_257301,0.041029493604759125,1277.1300690370203
line_252891_261331,0.02513893724166158,2084.415880284706
line_252891_253751,0.05674606876191089,923.4119850637468
line_252891_253851,0.042925960377597855,1220.7065267512676
line_252891_256751,0.0415744628543295,1260.3891043307403
line_252891_255951,0.02086931394108377,2510.8635649418384
line_252891_258301,0.018415510380023103,2845.4275183620657
line_252891_257141,0.029505019930155186,1775.968974908074
line_252891_256181,0.022606654444734385,2317.9015775244525
line_252891_255981,0.014476163650067403,3619.7435499256753
line_252891_254001,0.014214100966723263,3686.4800751503058
line_252891_254031,0.014733660152272931,3556.482195085541
line_252891_254391,0.010793657795516384,4854.70273309634
line_252891_300011,0.0741540191321555,706.6373557799205
line_252891_302201,0.09327150484026031,561.8007352807471
line_252891_302071,0.09247475946184941,566.6411062319951
line_252891_303741,0.08886976846572836,589.6268315384154
line_252891_261001,0.04026678247662875,1301.320760614869
line_252891_261161,0.04736408762002968,1106.323432647327
line_252891_262011,0.016284347311762235,3217.8139532894465
line_253751_283651,0.08933869492401911,586.5319618174995
line_253751_284011,0.09273012951027022,565.0806299606915
line_253751_280991,0.05010544782266551,1045.7944650141724
line_253751_280781,0.05429735839871082,965.0561564196488
line_253751_257301,0.07595702191975909,689.8638029194366
line_253751_261331,0.09201100987581504,569.4970642178906
line_253751_253851,0.02049935233872207,2556.1783189130074
line_253751_256751,0.07459722662634946,702.4389829191199
line_253751_255951,0.08875766296166777,590.3715606237881
line_253751_258301,0.06371845044235869,822.3677700292219
line_253751_257141,0.09160640670164354,572.012393965671
line_253751_256181,0.09326431455373171,561.844047755384
line_253751_255981,0.03164722901313862,1655.7531775766429
line_253751_254001,0.08741563185611724,599.4351226134061
line_253751_254031,0.04947416583398819,1059.1386255167904
line_253751_254391,0.04940222853341448,1060.6808954895205
line_253751_261001,0.04490509617413922,1166.905417523125
line_253751_262011,0.08959843368264782,584.8316521424649
line_253851_283651,0.09354205428166867,560.1758524803829
line_253851_284011,0.09429275971500488,555.716050292476
line_253851_280991,0.057973223970708886,903.865550525105
line_253851_280781,0.0609369033342381,859.9058556124307
line_253851_257301,0.08211343943362504,638.1415802507777
line_253851_261331,0.08776681678268625,597.0365785253925
line_253851_256751,0.07888990864216673,664.2167661478587
line_253851_255951,0.0849250789503536,617.0144396407632
line_253851_258301,0.06076163362148374,862.3862934039469
line_253851_257141,0.08864013556497635,591.1543305525402
line_253851_256181,0.0820027733016755,639.0027786893074
line_253851_255981,0.021270695665793666,2463.4831330066336
line_253851_254001,0.06858646803946848,763.9991021238492
line_253851_254031,0.018927485244406045,2768.4607502460817
line_253851_254391,0.03745663268279362,1398.9511669069732
line_253851_261001,0.05064982542076613,1034.5544049697023
line_253851_262011,0.08325601107229201,629.3839847131346
line_254001_284011,0.09000977056528282,582.1590219696762
line_254001_280991,0.07017155097655282,746.7413684145158
line_254001_280781,0.08473337328153238,618.4104086815646
line_254001_257301,0.08240205171556689,635.906496368232
line_254001_261331,0.06931517258216711,755.9672442261376
line_254001_256751,0.0815977350833405,642.1746871586673
line_254001_255951,0.06103882449323056,858.4700055259316
line_254001_258301,0.05842324353555481,896.9033013052549
line_254001_257141,0.06754133965618912,775.8211528929653
line_254001_256181,0.03142818282688296,1667.293342686623
line_254001_255981,0.03870298769404616,1353.9006449380886
line_254001_254031,0.04326922194076043,1211.0224693141108
line_254001_254391,0.04262527023511433,1229.317719535144
line_254001_261001,0.08078226122471349,648.6572572441116
line_254001_261161,0.08647883890600959,605.9285793250702
line_254001_262011,0.056567020975181355,926.3347989103116
line_254031_283651,0.09326560250427968,561.8362889747646
line_254031_284011,0.08580327783787482,610.6992800322819
line_254031_280991,0.04885387138289153,1072.5864402703266
line_254031_280781,0.05019303739409871,1043.9694969757056
line_254031_257301,0.07255796562706339,722.1812181081236
line_254031_261331,0.06228456054340861,841.2999873938315
line_254031_256751,0.07327151100183132,715.1483473391224
line_254031_255951,0.0595045628772585,880.6047379607971
line_254031_258301,0.032970148985478995,1589.3164457060377
line_254031_257141,0.06906861169634622,758.665893421628
line_254031_256181,0.06030556570969988,868.9081908665637
line_254031_255981,0.02313985564457266,2264.491222627405
line_254031_254391,0.0308880803046777,1696.4472859151604
line_254031_261001,0.0391113252949548,1339.7653903269647
line_254031_261161,0.08700961514474195,602.2322925211395
line_254031_262011,0.05367964154423999,976.1615110044024
line_254391_286671,0.0953590178628072,549.5023037610115
line_254391_284741,0.0952273830991687,550.2618920592541
line_254391_283651,0.08966787254712558,584.3787580937734
line_254391_284011,0.08075966874383747,648.8387188190205
line_254391_280991,0.04490221644768455,1166.9802549958997
line_254391_280781,0.054477201599543015,961.870258777014
line_254391_257301,0.06609972191437198,792.7416104394645
line_254391_261331,0.058382143232224536,897.5347100837052
line_254391_256751,0.06358618046012918,824.0784337228226
line_254391_255951,0.05100559402837515,1027.3382949103411
line_254391_258301,0.04086539050914683,1282.2586385971622
line_254391_257141,0.06199169795604573,845.2744759008444
line_254391_256181,0.0558101136581081,938.8979266554016
line_254391_255981,0.010031244081592854,5223.679094415918
line_254391_261001,0.04540775026889217,1153.988023843984
line_254391_261161,0.08223091445040079,637.2299317138946
line_254391_262011,0.046396187385713814,1129.4031460898632
line_255951_286671,0.09329817490264883,561.6401398492128
line_255951_283651,0.0949664034966983,551.7740808392496
line_255951_284011,0.0710798601112533,737.1989747585909
line_255951_280991,0.049608605315342294,1056.268356405384
line_255951_280781,0.07492013925791331,699.4114068530024
line_255951_257301,0.05765532643109372,908.8492467842572
line_255951_261331,0.07183891847421159,729.4096447012954
line_255951_256751,0.07842242434985428,668.1762319185095
line_255951_258301,0.06417471841269068,816.5209181445788
line_255951_257141,0.007404553348606388,7076.726648186311
line_255951_256181,0.059255024427483385,884.3131954848386
line_255951_255981,0.055404210892354776,945.7764880328018
line_255951_261001,0.07428432986008024,705.3977615292363
line_255951_261161,0.07848654304388139,667.6303728997652
line_255951_262011,0.058320339803765796,898.4858486132566
line_255981_286671,0.09538143491055989,549.3731568322074
line_255981_284741,0.09483415262487997,552.5435568267284
line_255981_283651,0.08858764905196374,591.5045783556487
line_255981_284011,0.08115091693102584,645.7105105113887
line_255981_280991,0.04137091449632312,1266.5903240948928
line_255981_280781,0.052749250289606336,993.379047328846
line_255981_257301,0.06142888846192506,853.0188533767569
line_255981_261331,0.06543678286985993,800.7728635469846
line_255981_256751,0.04070318985411131,1287.3683902370426
line_255981_258301,0.04623068617983283,1133.44629573892
line_255981_257141,0.06343297156420152,826.0688204866001
line_255981_256181,0.051220086986284635,1023.0361384202904
line_255981_261001,0.044588396311521956,1175.1936453130402
line_255981_261161,0.086000239772733,609.300626817715
line_255981_262011,0.05373975597287667,975.0695560740382
line_256181_284011,0.09117353450832137,574.7281849122288
line_256181_280991,0.07485682808676362,700.0029434758471
line_256181_280781,0.08926685899561958,587.0039630561139
line_256181_257301,0.0850510967197405,616.1002270513683
line_256181_261331,0.0784894660331315,667.6055099913818
line_256181_256751,0.0864313496272095,606.2615037947288
line_256181_258301,0.07098209201735892,738.2143652117974
line_256181_257141,0.05839330236773119,897.3631885042496
line_256181_261001,0.086772600996182,603.8772538615686
line_256181_261161,0.08815911784253987,594.3798132552906
line_256181_262011,0.06624399362132216,791.0151114913133
line_256751_284011,0.09149341180007498,572.7188326357402
line_256751_280991,0.0582480536090789,899.6008751068829
line_256751_280781,0.0774300305895582,676.7400141911656
line_256751_257301,0.07193503743697187,728.4350139653698
line_256751_261331,0.09092760144325887,576.2826597015091
line_256751_258301,0.08108543002957079,646.2320047003564
line_256751_257141,0.08342283826703924,628.1253561796337
line_256751_261001,0.07335825932854508,714.302663116901
line_256751_262011,0.0839738461405258,624.003810809277
line_257141_286671,0.0918853318995312,570.2760050678703
line_257141_284741,0.09555320069445299,548.3856073807259
line_257141_283651,0.0945858434433278,553.9941083402832
line_257141_284011,0.06616145219748568,792.0019627681534
line_257141_280991,0.05295384232672807,989.5410360723056
line_257141_280781,0.07813736143078806,670.6138912358141
line_257141_257301,0.07186646584405283,729.1300523070909
line_257141_261331,0.07911219061781356,662.3505124910696
line_257141_258301,0.07288228052523145,718.9676231640339
line_257141_303741,0.08913259456922248,587.8881934633342
line_257141_261001,0.07865208252195757,666.2252075190929
line_257141_261161,0.08190955388303882,639.7300133611225
line_257141_262011,0.06707698570536641,781.1919311664569
line_257301_286671,0.09564763979115269,547.844150827096
line_257301_283651,0.092321034797756,567.5846259174909
line_257301_284011,0.07929026432533422,660.8629753710829
line_257301_281221,0.09057362229154103,578.5348832724537
line_257301_280991,0.03587801285192713,1460.504521704173
line_257301_280781,0.05518703047401192,949.4984518994122
line_257301_261331,0.08827754675007346,593.58242190794
line_257301_258301,0.07564337401517872,692.7242561851529
line_257301_261001,0.05520600962825663,949.1720258871889
line_257301_262011,0.08031928544322581,652.3962422080967
line_258301_283651,0.09359754173068742,559.8437633199061
line_258301_284011,0.0847148289383223,618.5457806702352
line_258301_280991,0.04884828973619286,1072.7089992912402
line_258301_280781,0.04639508684876214,1129.4299366398982
line_258301_261331,0.034344956845006054,1525.6970691934137
line_258301_261001,0.03489677091460041,1501.5715960721293
line_258301_261161,0.08362614085618571,626.5983275506375
line_258301_262011,0.04314492104072134,1214.5114357850712
line_261001_286671,0.09388823257887377,558.1104102261136
line_261001_285491,0.09492718414289886,552.0020473916043
line_261001_284741,0.09083514447908901,576.869231622821
line_261001_283651,0.08023004968182128,653.1218690230093
line_261001_284011,0.08088097796106851,647.8655590097139
line_261001_281221,0.09086570178424323,576.6752357718161
line_261001_280991,0.022046448671200678,2376.8000362094704
line_261001_280781,0.020792548457767436,2520.133600093885
line_261001_261331,0.07769952394557045,674.3928062764825
line_261001_262011,0.07642650983849687,685.6259707623799
line_261161_280991,0.08915153747746207,587.7632790488551
line_261161_261331,0.08456099263540756,619.671060697305
line_261161_262011,0.07536835274467477,695.2520267693178
line_261331_284011,0.08848555652748054,592.1870422290488
line_261331_280991,0.07317987607602128,716.0438471577273
line_261331_280781,0.08339137104755642,628.3623754083302
line_261331_300011,0.08964833396565801,584.5061216650507
line_261331_262011,0.04144374978870441,1264.3643557147848
line_262011_286671,0.09509603262203765,551.0219359861787
line_262011_284011,0.07845391681040145,667.9080169653529
line_262011_280991,0.06256770730296338,837.4927300159869
line_262011_280781,0.08010752175932614,654.1208471962195
line_280781_286671,0.09092604515816409,576.2925233232262
line_280781_285491,0.09250410059575273,566.4613748204576
line_280781_284741,0.08756936296339271,598.3827930997417
line_280781_283651,0.07371074244080722,710.8868838497913
line_280781_284011,0.075771057374,691.55693237007
line_280781_281221,0.08252090941060856,634.9905784395496
line_280781_280991,0.005478057208256025,9565.434972279503
line_280991_286671,0.07788784401398209,672.7622347666136
line_280991_285491,0.08389759311787552,624.5709567183694
line_280991_284741,0.07663977183833964,683.7181106244694
line_280991_283651,0.06237278724542408,840.1099632411292
line_280991_284011,0.053349297501776284,982.205998087516
line_280991_281221,0.06451982967168415,812.1534149523152
line_280991_302201,0.0839145238328648,624.4449423840709
line_280991_302071,0.08102850328184845,646.6860163729367
line_280991_303741,0.07832145274342377,669.037641215098
line_283651_286671,0.0690743146760236,758.6032557220373
line_283651_285491,0.03581305108564945,1463.153750142139
line_283651_284741,0.02578824326512897,2031.93367850906
line_283651_284011,0.07678638693326768,682.4126266748165
line_283651_409941,0.08348072176824052,627.6898293413547
line_283651_409611,0.08897679816901795,588.9175726514947
line_283651_408441,0.08578897746542151,610.8010789745172
line_283651_401681,0.09402256953284703,557.3129968724576
line_283651_400081,0.09560698221804843,548.0771255857929
line_283651_400041,0.08175734838538722,640.9209818424791
line_284011_286671,0.06481521328755206,808.4521726022549
line_284011_285491,0.08393902536977517,624.2626688737827
line_284011_284741,0.07701183141441774,680.4149315450503
line_284011_408441,0.0800048363520246,654.960404761505
line_284011_407871,0.08317176769908001,630.0214778359173
line_284011_400081,0.0956554675008777,547.7993194640882
line_284011_400041,0.09304229330009949,563.1847425663569
line_284011_301741,0.09313111105788242,562.6476416396729
line_284011_301721,0.09104325725836054,575.5505852706965
line_284011_302201,0.08349370741351782,627.5922057273065
line_284011_302071,0.08328590194255818,629.1581021256153
line_284011_303741,0.0760161506291534,689.3271964747945
line_284741_286671,0.06122392393402308,855.8745770112346
line_284741_285491,0.009635453509475977,5438.249476111038
line_284741_409941,0.07103195435227716,737.6961605213127
line_284741_409611,0.07742935904317257,676.7458835708965
line_284741_408441,0.07128168631612308,735.1116774596805
line_284741_401681,0.08559623080234105,612.176488483496
line_284741_400081,0.09190148153287143,570.1757917934925
line_284741_400041,0.06909231427380247,758.4056280463651
line_284741_402811,0.09137068932327741,573.4880669949229
line_284741_303741,0.09479691538191384,552.7606018496813
line_285491_286671,0.06989400004153737,749.7066982696534
line_285491_409941,0.08532255891794299,614.1400429679388
line_285491_409611,0.09141998407152323,573.1788353737231
line_285491_408441,0.08198268196622553,639.1593778499131
line_285491_401681,0.09165140532453178,571.7315497177042
line_285491_400081,0.0952889879945924,549.9061444851704
line_285491_400041,0.07526141245625445,696.23992282177
line_286671_409941,0.08501099391099241,616.3908641612103
line_286671_408441,0.08874124955051993,590.4807546142221
line_286671_400041,0.08546845595207,613.0916888142391
line_286671_303741,0.09489548259853002,552.1864536132482
line_300011_741041,0.038480603545128125,1361.7250035734992
line_301461_407871,0.08700213556583603,602.2840664680928
line_301461_302211,0.025266949062981825,2073.8554492425974
line_301461_301741,0.03930818800560213,1333.0555962674252
line_301461_301721,0.027588684082423813,1899.329444037636
line_301461_302051,0.05409099171586861,968.7380160313731
line_301461_302201,0.036785970278976274,1424.4561065702642
line_301461_302071,0.03121989857989295,1678.416727264707
line_301461_303741,0.046509444529766415,1126.6528880271528
line_301721_407871,0.07234254518156132,724.3317175044004
line_301721_302211,0.013343254274111316,3927.077976897052
line_301721_301741,0.025870371907107156,2025.48305792251
line_301721_302051,0.05067874298745187,1033.9640825932545
line_301721_302201,0.03327769171468764,1574.6284462654728
line_301721_302071,0.03481575899837933,1505.0655653504268
line_301721_303741,0.020637159088396015,2539.1091756163178
line_301741_407871,0.07844835835335735,667.9553415760859
line_301741_400081,0.09577774331848345,547.0999648191514
line_301741_302211,0.01479629120339949,3541.4280024416494
line_301741_302051,0.05424785702139187,965.9367738588606
line_301741_302201,0.026578070071544533,1971.5502238855704
line_301741_302071,0.02543099875942701,2060.4774706528524
line_301741_303741,0.03964854668392931,1321.61212408926
line_302051_500001,0.0922350988675719,568.1134475199532
line_302051_407871,0.08983368287933483,583.3001422237583
line_302051_302211,0.014230480919310616,3682.2367632631262
line_302051_302201,0.029211039609577466,1793.842352081832
line_302051_302071,0.019623351199452643,2670.2880393569885
line_302051_303741,0.057775014007137165,906.9664612028798
line_302071_500991,0.08428555634868339,621.6960802064937
line_302071_500241,0.09389021172211051,558.0986456297462
line_302071_500001,0.08784564675046655,596.5008163562949
line_302071_407871,0.06590971522800257,795.0269519255517
line_302071_400081,0.0812798073607353,644.6865673221739
line_302071_302211,0.06432464250957043,814.6178191694382
line_302071_302201,0.012450411478147306,4208.696242045602
line_302071_303741,0.030007755959516123,1746.2152141830788
line_302201_500001,0.09447432046801796,554.6480751638619
line_302201_407871,0.06110737894748474,857.5069149182818
line_302201_400081,0.08842932430884062,592.5636140449551
line_302201_302211,0.0625911759126704,837.1787114706151
line_302201_303741,0.0248870224802497,2105.5150346564988
line_302211_500991,0.08589161545701428,610.0711893843044
line_302211_500241,0.08988279415624423,582.981431450746
line_302211_500001,0.0957564921348602,547.2213824019536
line_302211_407871,0.08602338585876386,609.1366839016557
line_302211_303741,0.04295838473485158,1219.7851554108497
line_303741_500991,0.08186518306307877,640.076746174558
line_303741_500241,0.09450452106825839,554.4708275083761
line_303741_407871,0.046086915145962665,1136.9821528310813
line_303741_400081,0.08920369784657797,587.4195943101272
line_400011_400031,0.044215061015345336,1185.11653714136
line_400011_400041,0.01743367579976517,3005.67709310654
line_400031_400041,0.00885606599566291,5916.848409402313
line_400031_400501,0.08779386450648334,596.852642204062
line_400041_409941,0.06440482337093173,813.6036597477893
line_400041_409611,0.07358948234500423,712.0582769469269
line_400041_408441,0.06724553513267788,779.2338910919945
line_400041_401681,0.07997422449802126,655.2111049391482
line_400041_402811,0.08641043082639284,606.408271534681
line_400061_400081,0.023966023296708893,2186.4286515650583
line_400081_408441,0.09532137618280702,549.7192980041272
line_400081_401681,0.09545962487073596,548.9231711412655
line_400081_407871,0.09179997238873892,570.8062719028432
line_400501_409941,0.09290242489684063,564.0326402479295
line_400501_408441,0.09524644362162907,550.1517747808143
line_400501_401681,0.09476373747287763,552.9541298959155
line_401601_409941,0.04595699475161364,1140.1964006395378
line_401601_409611,0.07247686295225074,722.989349504851
line_401601_403911,0.09116888972254775,574.7574656164812
line_401601_403671,0.07902184178903666,663.1078042940512
line_401601_403691,0.07958122579095654,658.4467564956085
line_401601_408811,0.0921527620843085,568.6210463454195
line_401601_408441,0.05785218872728014,905.756569505396
line_401601_401681,0.007811307198798235,6708.224201969897
line_401601_401691,0.03377427709470246,1551.4765824023814
line_401601_402811,0.06038379672920383,867.7824654682144
line_401601_402791,0.04214638472918849,1243.2857607288524
line_401601_401621,0.039170584028849216,1337.7385428158868
line_401621_409941,0.04518874083990921,1159.580882893777
line_401621_409611,0.07059333020208108,742.2797571668499
line_401621_403911,0.08974373595561601,583.8847630091435
line_401621_403671,0.07656904212007322,684.3496868855683
line_401621_403691,0.07749832713042394,676.1436270981009
line_401621_408811,0.09093272858479248,576.250166639818
line_401621_408441,0.05605860680012812,934.7360377118798
line_401621_401681,0.020730676234455646,2527.6551236137684
line_401621_401691,0.05529370569901052,947.6666347022876
line_401621_407871,0.08969125103502829,584.2264367517357
line_401621_402811,0.05415000037710197,967.682357065283
line_401621_402791,0.04075628141543098,1285.6913874424404
line_401681_532171,0.09083078424719494,576.8969235957933
line_401681_800071,0.0949106986116343,552.0979274888272
line_401681_409941,0.02129183091541303,2461.03776646413
line_401681_409611,0.04167278821897075,1257.4152640006432
line_401681_403911,0.06733538905546949,778.1940631074988
line_401681_403671,0.04726440865111025,1108.6566297020436
line_401681_403691,0.048421647843723624,1082.160610665629
line_401681_408811,0.06994476452539272,749.1625764352489
line_401681_408441,0.02855419167082333,1835.1071045566428
line_401681_401691,0.005468507084913428,9582.139912474768
line_401681_407871,0.0827979727710801,632.8657362768478
line_401681_405951,0.08776446599882584,597.0525702361253
line_401681_402811,0.027293495022528813,1919.871381688112
line_401681_402791,0.009433973185247656,5554.393570032648
line_401691_409941,0.04447167132651963,1178.2781810755223
line_401691_409611,0.0696139603348849,752.7225824809359
line_401691_403911,0.09031562424749731,580.1875415975107
line_401691_403671,0.07751852152447766,675.9674845379229
line_401691_403691,0.07798811780073207,671.8972258554511
line_401691_408811,0.09123949938965875,574.3126644767531
line_401691_408441,0.0554587373568834,944.8466102428538
line_401691_402811,0.06004790248834937,872.6366422235443
line_401691_402791,0.05767688684754198,908.5095063904812
line_402791_409941,0.056820039306291516,922.2098513085313
line_402791_409611,0.07722412184531975,678.5444592682767
line_402791_403911,0.09216397039195719,568.5518948147742
line_402791_403671,0.08031324766224174,652.445287984976
line_402791_403691,0.0816249098428585,641.9608928313514
line_402791_408811,0.09355936547547679,560.0722037147075
line_402791_408441,0.0650387971098841,805.6729571961387
line_402791_402811,0.05601973019895772,935.3847263079988
line_402811_532171,0.09171835264946081,571.3142297732716
line_402811_409941,0.03989438513544058,1313.4680437385646
line_402811_409611,0.05398324718048039,970.6715089741234
line_402811_403911,0.06268382774766551,835.9412927196602
line_402811_403671,0.03975670338351331,1318.0167252431131
line_402811_403691,0.04718306764600773,1110.567892556975
line_402811_408811,0.07175850897656959,730.2269897652071
line_402811_408441,0.04360345090770169,1201.739745574692
line_402811_407871,0.0951458162029448,550.7336222565108
line_402811_405951,0.09146747427558295,572.8812390962464
line_403671_532171,0.08262201346130953,634.2135443665752
line_403671_800071,0.09098634773768502,575.91057672817
line_403671_409941,0.05264297577400219,995.3844597416892
line_403671_409611,0.054307569623338915,964.8747009566208
line_403671_403911,0.005705790978160868,9183.652222901785
line_403671_403691,0.010459011036321596,5010.033914107899
line_403671_408811,0.05717153542559055,916.5400161099266
line_403671_408441,0.0482668429016008,1085.6313951758823
line_403671_405951,0.08586867993641681,610.2341393718948
line_403691_532171,0.08114178221322457,645.7832028177932
line_403691_800071,0.08241663554706447,635.7939711100764
line_403691_409941,0.051305811482361456,1021.3267948800444
line_403691_409611,0.04575278509429066,1145.285470425686
line_403691_403911,0.017778660274642064,2947.3536920404968
line_403691_408811,0.05198382298884887,1008.005894665354
line_403691_408441,0.04300702325199635,1218.405647211764
line_403691_405951,0.08545216597160459,613.2085641622275
line_403911_532171,0.09139967281452632,573.3062098190791
line_403911_800071,0.09582856940772821,546.8097908991026
line_403911_409941,0.07173188454498747,730.4980251444076
line_403911_409611,0.0707577683163459,740.5547298457541
line_403911_408811,0.07214900330505176,726.2747591737144
line_403911_408441,0.06666343371726877,786.0381183219205
line_403911_405951,0.09363605780965908,559.6134782448588
line_405951_532171,0.08170593562066403,641.3242759164691
line_405951_409941,0.09269655639029509,565.2852925773416
line_405951_409611,0.09320930421266256,562.1756373209942
line_405951_408811,0.06187516652621488,846.8664076693757
line_405951_408441,0.09060061948893176,578.3624912896038
line_405951_406911,0.09511015942278354,550.940092183755
line_406021_532171,0.08819565801921242,594.133556876295
line_406911_532171,0.05548986012530948,944.3166712200782
line_406911_606631,0.09478711417059324,552.8177586005312
line_406911_408811,0.0784379067865744,668.0443442043623
line_407871_500991,0.07295817868981679,718.2196833994403
line_407871_500241,0.07927871152503695,660.9592788784364
line_407871_500001,0.08721192956446638,600.8352327678557
line_407871_409941,0.09083755912498424,576.8538972728489
line_407871_408441,0.09294964948335399,563.7460742590979
line_408441_532171,0.08821004502969154,594.0366540155618
line_408441_800071,0.08966866680815776,584.3735818232643
line_408441_409941,0.021076677886631225,2486.1603086526707
line_408441_409611,0.023915742150987695,2191.0254621906406
line_408441_408811,0.06132951669941234,854.4009935187064
line_408811_532171,0.046779517076115516,1120.14837422839
line_408811_800071,0.07239069236617701,723.8499631270658
line_408811_606631,0.07070392293832407,741.1187077371815
line_408811_409941,0.07120299725894937,735.9240764743784
line_408811_409611,0.06455505606460574,811.7102392035547
line_409611_532171,0.09043479259508855,579.4230129394448
line_409611_800071,0.08855419184342343,591.7280583696224
line_409611_409941,0.035839784403108095,1462.0623665207029
line_409941_532171,0.09228642421045151,567.7974896990934
line_409941_800071,0.09465117114003303,553.6117447767875
line_500001_500991,0.07804752862548413,671.385768682627
line_500001_500241,0.067489867169748,776.4128482903288
line_500071_500991,0.059367256444988796,882.6414279149849
line_500071_503161,0.09570058593121243,547.5410572476957
line_500241_500991,0.05207444805324415,1006.2516638951791
line_500241_503161,0.08594063378068316,609.7232204933765
line_500991_701551,0.026465445333661495,1979.9402329856982
line_500991_700001,0.08166362339880696,641.6565640750827
line_500991_503161,0.035107989050856096,1492.5377789111008
line_500991_501961,0.0591893430990395,885.2945016186593
line_501961_701551,0.0695164029599992,753.7789322924515
line_501961_700001,0.07668920672095743,683.2773768369188
line_501961_503161,0.08401500049270509,623.6981454823632
line_503161_701551,0.0437433233507232,1197.8970957434967
line_530001_530021,0.08066112175275282,649.6314316160832
line_530021_606631,0.08792898110390455,595.9354850032845
line_530021_605771,0.057899315112443596,905.0193408719322
line_530121_800071,0.07089452405393681,739.1261976754917
line_532171_800071,0.09133605571978566,573.7055272099828
line_532171_601941,0.06628177192585859,790.5642603914324
line_532171_600001,0.0799593431042888,655.3330475921507
line_532171_600031,0.0710769376879354,737.2292856800213
line_532171_606631,0.06480746452620717,808.5488358954426
line_532171_605141,0.08276998139263556,633.0797605406044
line_600001_600031,0.09100711965667711,575.7791280251276
line_600001_606631,0.09491437920448056,552.0765182176568
line_600031_601941,0.08640125633929961,606.4726627842547
line_600031_606631,0.07869207012481912,665.8866632544374
line_600031_605141,0.08335374745419691,628.6460009346782
line_601941_700631,0.08938775838077367,586.2100241599824
line_601941_772611,0.0921716075927734,568.5047854596426
line_601941_701721,0.06351940722623883,824.9447261585026
line_601941_606631,0.05242385366728229,999.5449844753176
line_601941_605141,0.028420042854765213,1843.7692113196108
line_605141_700631,0.08552478892695872,612.6878611153487
line_605141_772611,0.08887177808849386,589.6134985374415
line_605141_701721,0.056878839394072386,921.256491134748
line_605141_606631,0.03341835455356228,1568.0006002693617
line_605771_606631,0.07023666248225365,746.0491166310708
line_606631_701721,0.07341824021103155,713.7190955460491
line_700001_701551,0.09290910284130424,563.9920997784593
line_700001_700161,0.08735056019562928,599.8816708518592
line_700161_770011,0.09577387072504508,547.122086674704
line_700161_772611,0.0761655248869105,687.9753021830124
line_700631_770011,0.08861124959945484,591.3470381792515
line_700631_772611,0.053823910364833395,973.5450219952112
line_700631_701721,0.07271125646703279,720.6587060389763
line_701721_772611,0.07757234023964808,675.4985067888642
line_740011_741041,0.05722658824102053,915.6582912003691
line_740531_742351,0.05048034314177735,1038.0278092173653
line_740531_771731,0.0735014010334905,712.9115807755045
line_741321_770011,0.05611275295506862,933.8340616073223
line_741321_772611,0.04340245798057691,1207.3048955764118
line_741321_742351,0.049812189981527866,1051.9513400119888
line_742351_771731,0.05907939144685934,886.9421081822193
line_770011_772611,0.03971967463637365,1319.245449005119
