name,s_typ,s_node,charge_rate,discharge_rate,duration,max_SoC,min_SoC,charge_eff,discharge_eff
BAT_57584_BS1,battery,bus_284741,2.5,2.5,1.0,2.5,0.5,0.9,0.95
BAT_58256_2,battery,bus_530021,1.0,1.0,6.0,6.0,1.2,0.9,0.95
BAT_58256_3,battery,bus_530021,0.8,0.8,3.0,2.3,0.46,0.9,0.95
BAT_58625_SRJBA,battery,bus_216471,0.3,0.3,14.0,4.0,0.8,0.9,0.95
BAT_58899_GEN-2,battery,bus_530001,0.5,0.5,3.0,1.3,0.26,0.9,0.95
BAT_59256_BAT1,battery,bus_216471,2.0,2.0,7.0,14.0,2.8,0.9,0.95
BAT_59257_YB1,battery,bus_230601,4.0,4.0,7.0,28.0,5.6,0.9,0.95
BAT_60016_A,battery,bus_102281,0.5,0.5,1.0,0.5,0.1,0.9,0.95
BAT_60441_SSPC,battery,bus_131751,1.3,1.3,1.0,1.3,0.26,0.9,0.95
PSH_104,pumped_storage_hydro,bus_232301,199.8,199.8,18.0,3530.466,706.0932,0.87,0.92
PSH_145,pumped_storage_hydro,bus_403911,99.8,99.8,100.0,9980.0,1996.0,0.87,0.92
PSH_148,pumped_storage_hydro,bus_403911,54.3,54.3,46.0,2497.8,499.56,0.87,0.92
PSH_392,pumped_storage_hydro,bus_262011,1626.0,1626.0,10.0,16260.0,3252.0,0.87,0.92
PSH_437,pumped_storage_hydro,bus_201361,293.1,293.1,100.0,29310.0,5862.0,0.87,0.92
PSH_438,pumped_storage_hydro,bus_201361,82.5,82.5,12.0,990.0,198.0,0.87,0.92
PSH_446,pumped_storage_hydro,bus_230601,25.2,25.2,10.0,252.0,50.4,0.87,0.92
PSH_448,pumped_storage_hydro,bus_230601,424.0,424.0,8.0,3392.0,678.4,0.87,0.92
PSH_467,pumped_storage_hydro,bus_601941,300.0,300.0,4.0,1200.0,240.0,0.87,0.92
PSH_518,pumped_storage_hydro,bus_601941,8.5,8.5,10.0,85.0,17.0,0.87,0.92
PSH_6100,pumped_storage_hydro,bus_232301,1053.0,1053.0,100.0,105300.0,21060.0,0.87,0.92
PSH_6163,pumped_storage_hydro,bus_110161,314.0,314.0,80.0,25120.0,5024.0,0.87,0.92
PSH_6208,pumped_storage_hydro,bus_601941,200.0,200.0,12.0,2400.0,480.0,0.87,0.92
PSH_7164,pumped_storage_hydro,bus_401621,40.0,40.0,10.0,400.0,80.0,0.87,0.92
PSH_57729,pumped_storage_hydro,bus_284741,42.0,42.0,10.0,420.0,84.0,0.87,0.92
PSH_57854,pumped_storage_hydro,bus_252891,5.4,5.4,10.0,54.0,10.8,0.87,0.92
BAT_100931_4,battery,bus_100931,11.25,11.25,4.0,45.0,9.0,0.9,0.95
BAT_105701_4,battery,bus_105701,33.75,33.75,4.0,135.0,27.0,0.9,0.95
BAT_133661_4,battery,bus_133661,90.0,90.0,4.0,360.0,72.0,0.9,0.95
BAT_134201_4,battery,bus_134201,1488.75,1488.75,4.0,5955.0,1191.0,0.9,0.95
BAT_134461_4,battery,bus_134461,1848.75,1848.75,4.0,7395.0,1479.0,0.9,0.95
BAT_135041_4,battery,bus_135041,210.0,210.0,4.0,840.0,168.0,0.9,0.95
BAT_200001_4,battery,bus_200001,67.5,67.5,4.0,270.0,54.0,0.9,0.95
BAT_200261_4,battery,bus_200261,75.0,75.0,4.0,300.0,60.0,0.9,0.95
BAT_201361_4,battery,bus_201361,180.0,180.0,4.0,720.0,144.0,0.9,0.95
BAT_204901_4,battery,bus_204901,3.75,3.75,4.0,15.0,3.0,0.9,0.95
BAT_216471_4,battery,bus_216471,3.75,3.75,4.0,15.0,3.0,0.9,0.95
BAT_232301_4,battery,bus_232301,63.75,63.75,4.0,255.0,51.0,0.9,0.95
BAT_232631_4,battery,bus_232631,165.0,165.0,4.0,660.0,132.0,0.9,0.95
BAT_261161_4,battery,bus_261161,622.5,622.5,4.0,2490.0,498.0,0.9,0.95
BAT_261331_4,battery,bus_261331,15.0,15.0,4.0,60.0,12.0,0.9,0.95
BAT_262011_4,battery,bus_262011,840.0,840.0,4.0,3360.0,672.0,0.9,0.95
BAT_284011_4,battery,bus_284011,67.5,67.5,4.0,270.0,54.0,0.9,0.95
BAT_284741_4,battery,bus_284741,41.25,41.25,4.0,165.0,33.0,0.9,0.95
BAT_285491_4,battery,bus_285491,416.25,416.25,4.0,1665.0,333.0,0.9,0.95
BAT_286671_4,battery,bus_286671,30.0,30.0,4.0,120.0,24.0,0.9,0.95
BAT_300011_4,battery,bus_300011,322.5,322.5,4.0,1290.0,258.0,0.9,0.95
BAT_301441_4,battery,bus_301441,11.25,11.25,4.0,45.0,9.0,0.9,0.95
BAT_302071_4,battery,bus_302071,22.5,22.5,4.0,90.0,18.0,0.9,0.95
BAT_303741_4,battery,bus_303741,131.25,131.25,4.0,525.0,105.0,0.9,0.95
BAT_400011_4,battery,bus_400011,180.0,180.0,4.0,720.0,144.0,0.9,0.95
BAT_400041_4,battery,bus_400041,30.0,30.0,4.0,120.0,24.0,0.9,0.95
BAT_400081_4,battery,bus_400081,63.75,63.75,4.0,255.0,51.0,0.9,0.95
BAT_500001_4,battery,bus_500001,86.25,86.25,4.0,345.0,69.0,0.9,0.95
BAT_501961_4,battery,bus_501961,7.5,7.5,4.0,30.0,6.0,0.9,0.95
BAT_503161_4,battery,bus_503161,60.0,60.0,4.0,240.0,48.0,0.9,0.95
BAT_600001_4,battery,bus_600001,442.5,442.5,4.0,1770.0,354.0,0.9,0.95
BAT_600031_4,battery,bus_600031,146.25,146.25,4.0,585.0,117.0,0.9,0.95
BAT_700001_4,battery,bus_700001,3.75,3.75,4.0,15.0,3.0,0.9,0.95
BAT_740011_4,battery,bus_740011,180.0,180.0,4.0,720.0,144.0,0.9,0.95
BAT_741041_4,battery,bus_741041,3.75,3.75,4.0,15.0,3.0,0.9,0.95
BAT_741321_4,battery,bus_741321,127.5,127.5,4.0,510.0,102.0,0.9,0.95
BAT_742351_4,battery,bus_742351,3.75,3.75,4.0,15.0,3.0,0.9,0.95
BAT_771731_4,battery,bus_771731,521.25,521.25,4.0,2085.0,417.0,0.9,0.95
BAT_800071_4,battery,bus_800071,45.0,45.0,4.0,180.0,36.0,0.9,0.95
