Name,Bus,Fuel,Max_Cap,Min_Cap,Heat_Rate
ID_c_20110386,400041,NG (Natural Gas),727.0,321.12,5.9154896423680405
ID_c_20113387,400011,NG (Natural Gas),727.0,321.12,5.9154896423680405
ID_c_20109388,400041,NG (Natural Gas),233.0,102.92,8.86567494855161
ID_c_20110389,400031,NG (Natural Gas),233.0,102.92,8.86567494855161
ID_c_20110390,400031,NG (Natural Gas),233.0,102.92,8.86567494855161
ID_c_20111391,400031,NG (Natural Gas),233.0,102.92,8.86567494855161
ID_c_20111392,400031,NG (Natural Gas),233.0,102.92,8.86567494855161
ID_c_20110393,400031,NG (Natural Gas),233.0,102.92,8.86567494855161
ID_c_20107394,400041,NG (Natural Gas),233.0,102.92,8.86567494855161
ID_c_20108395,400041,NG (Natural Gas),233.0,102.92,8.86567494855161
ID_c_20109396,400031,NG (Natural Gas),233.0,102.92,8.86567494855161
ID_c_20109397,400031,NG (Natural Gas),233.0,102.92,8.86567494855161
ID_c_20112398,400031,NG (Natural Gas),233.0,102.92,8.86567494855161
ID_c_20112399,400031,NG (Natural Gas),233.0,102.92,8.86567494855161
ID_c_20113400,400031,NG (Natural Gas),233.0,102.92,8.86567494855161
ID_c_20112401,400031,NG (Natural Gas),233.0,102.92,8.86567494855161
ID_c_20111402,400031,NG (Natural Gas),233.0,102.92,8.86567494855161
ID_c_20113403,400031,NG (Natural Gas),233.0,102.92,8.86567494855161
ID_c_20112404,400031,NG (Natural Gas),233.0,102.92,8.86567494855161
ID_c_20112405,400031,NG (Natural Gas),233.0,102.92,8.86567494855161
ID_c_20113406,400031,NG (Natural Gas),233.0,102.92,8.86567494855161
ID_c_20112407,400031,NG (Natural Gas),233.0,102.92,8.86567494855161
ID_c_20112408,400031,NG (Natural Gas),233.0,102.92,8.86567494855161
ID_c_20113409,400031,NG (Natural Gas),233.0,102.92,8.86567494855161
ID_c_20978410,400501,NG (Natural Gas),233.0,102.92,8.86567494855161
ID_c_20981411,400501,NG (Natural Gas),233.0,102.92,8.86567494855161
ID_c_20978412,400501,NG (Natural Gas),233.0,102.92,8.86567494855161
ID_c_20979413,400501,NG (Natural Gas),233.0,102.92,8.86567494855161
ID_c_20981414,400501,NG (Natural Gas),233.0,102.92,8.86567494855161
ID_c_20102415,400501,NG (Natural Gas),233.0,102.92,8.86567494855161
ID_c_20102416,400501,NG (Natural Gas),233.0,102.92,8.86567494855161
ID_c_20102417,400501,NG (Natural Gas),233.0,102.92,8.86567494855161
ID_c_20103418,400501,NG (Natural Gas),233.0,102.92,8.86567494855161
ID_c_20108419,400501,NG (Natural Gas),233.0,102.92,8.86567494855161
ID_c_20104420,400501,NG (Natural Gas),233.0,102.92,8.86567494855161
ID_c_20991421,400501,NG (Natural Gas),233.0,102.92,8.86567494855161
ID_c_20103422,400501,NG (Natural Gas),233.0,102.92,8.86567494855161
ID_c_20104423,400501,NG (Natural Gas),233.0,102.92,8.86567494855161
ID_c_20975424,400501,NG (Natural Gas),233.0,102.92,8.86567494855161
ID_c_205616251,200261,NG (Natural Gas),727.0,321.12,5.9154896423680405
ID_c_205616252,200261,NG (Natural Gas),727.0,321.12,5.9154896423680405
ID_c_205646253,200261,NG (Natural Gas),727.0,321.12,5.9154896423680405
ID_c_205616254,200261,NG (Natural Gas),727.0,321.12,5.9154896423680405
ID_c_205706255,200261,NG (Natural Gas),727.0,321.12,5.9154896423680405
ID_c_205746256,200261,NG (Natural Gas),727.0,321.12,5.9154896423680405
ID_c_205676257,200261,NG (Natural Gas),727.0,321.12,5.9154896423680405
ID_c_205576258,200261,NG (Natural Gas),727.0,321.12,5.9154896423680405
ID_c_205556259,200261,NG (Natural Gas),727.0,321.12,5.9154896423680405
ID_c_205616260,200261,NG (Natural Gas),727.0,321.12,5.9154896423680405
ID_c_205656261,200261,NG (Natural Gas),727.0,321.12,5.9154896423680405
ID_c_208422079,600001,NG (Natural Gas),233.0,102.92,8.86567494855161
ID_c_208392080,600001,NG (Natural Gas),233.0,102.92,8.86567494855161
ID_c_208422081,600001,NG (Natural Gas),233.0,102.92,8.86567494855161
ID_c_208432082,600001,NG (Natural Gas),233.0,102.92,8.86567494855161
ID_c_208452083,600001,NG (Natural Gas),233.0,102.92,8.86567494855161
ID_c_208392084,600001,NG (Natural Gas),233.0,102.92,8.86567494855161
ID_c_208432085,600001,NG (Natural Gas),233.0,102.92,8.86567494855161
ID_c_208392086,600001,NG (Natural Gas),233.0,102.92,8.86567494855161
ID_c_208392087,600001,NG (Natural Gas),233.0,102.92,8.86567494855161
ID_c_208472088,600001,NG (Natural Gas),233.0,102.92,8.86567494855161
ID_c_208472089,600001,NG (Natural Gas),233.0,102.92,8.86567494855161
ID_c_20429750,740011,NG (Natural Gas),727.0,321.12,5.9154896423680405
ID_c_20659275,300011,NG (Natural Gas),727.0,321.12,5.9154896423680405
ID_c_20910276,302201,NG (Natural Gas),727.0,321.12,5.9154896423680405
ID_c_20911277,302201,NG (Natural Gas),727.0,321.12,5.9154896423680405
ID_c_20940278,302071,NG (Natural Gas),727.0,321.12,5.9154896423680405
ID_c_20843319,600001,NG (Natural Gas),727.0,321.12,5.9154896423680405
ID_c_20838320,600001,NG (Natural Gas),727.0,321.12,5.9154896423680405
ID_c_203022123,134201,NG (Natural Gas),727.0,321.12,5.915489642368041
ID_c_203032124,134201,NG (Natural Gas),727.0,321.12,5.915489642368041
ID_c_203032125,134201,NG (Natural Gas),727.0,321.12,5.915489642368041
ID_c_203032126,134201,NG (Natural Gas),727.0,321.12,5.915489642368041
ID_c_203062127,134201,NG (Natural Gas),727.0,321.12,5.915489642368041
ID_c_203582128,134201,NG (Natural Gas),727.0,321.12,5.915489642368041
ID_c_203042129,134201,NG (Natural Gas),727.0,321.12,5.915489642368041
ID_c_203642130,134201,NG (Natural Gas),727.0,321.12,5.915489642368041
ID_c_202752060,134461,NG (Natural Gas),727.0,321.12,5.9154896423680405
ID_c_202722061,134461,NG (Natural Gas),727.0,321.12,5.9154896423680405
ID_c_202762062,134461,NG (Natural Gas),727.0,321.12,5.9154896423680405
ID_c_202672063,134461,NG (Natural Gas),727.0,321.12,5.9154896423680405
ID_c_202692064,134461,NG (Natural Gas),727.0,321.12,5.9154896423680405
ID_c_202562065,134461,NG (Natural Gas),727.0,321.12,5.9154896423680405
ID_c_202732066,134461,NG (Natural Gas),727.0,321.12,5.9154896423680405
ID_286_U10,204901,GEO,55.0,6.03,9.319
ID_286_U11,204901,GEO,110.0,12.07,9.319
ID_286_U12,204901,GEO,110.0,12.07,9.319
ID_286_U13,204901,GEO,138.0,15.14,9.319
ID_286_U14,204901,GEO,113.0,12.4,9.319
ID_286_U16,204901,GEO,118.0,12.94,9.319
ID_286_U17,204901,GEO,118.0,12.94,9.319
ID_286_U18,204901,GEO,118.0,12.94,9.319
ID_286_U20,204901,GEO,118.0,12.94,9.319
ID_286_U5,204901,GEO,55.0,6.03,9.319
ID_286_U6,204901,GEO,55.0,6.03,9.319
ID_286_U7,204901,GEO,55.0,6.03,9.319
ID_286_U8,204901,GEO,55.0,6.03,9.319
ID_286_U9,204901,GEO,55.0,6.03,9.319
ID_299_1,500241,GEO,30.7,3.37,9.318991
ID_299_2,500241,GEO,14.1,1.55,9.318991
ID_510_1,204901,GEO,78.0,8.56,9.319009
ID_902_1,204901,GEO,55.0,6.03,9.318956
ID_6106_1,135041,BIT (Bituminous Coal),642.2,290.02,10.158698000000001
ID_7368_1,204901,GEO,55.0,6.03,9.319002000000001
ID_7368_2,204901,GEO,55.0,6.03,9.319002000000001
ID_7369_3,204901,GEO,55.0,6.03,9.319001
ID_7369_4,204901,GEO,55.0,6.03,9.319001
ID_10018_GEN2,300011,GEO,15.0,1.65,9.318982
ID_10018_OEC2,300011,GEO,11.0,1.21,9.318982
ID_10199_WFF1,204901,GEO,19.0,2.08,9.318994
ID_10199_WFF2,204901,GEO,19.0,2.08,9.318994
ID_10287_GEN1,741041,GEO,17.0,1.86,9.318963
ID_10287_GEN2,741041,GEO,3.6,0.39,9.318963
ID_10479_T101,232301,GEO,5.0,0.55,9.319013
ID_10479_T102,232301,GEO,5.0,0.55,9.319013
ID_10479_T103,232301,GEO,5.0,0.55,9.319013
ID_10480_GEN1,232301,GEO,5.0,0.55,9.319002000000001
ID_10480_GEN2,232301,GEO,5.0,0.55,9.319002000000001
ID_10481_1,232301,GEO,5.0,0.55,9.319
ID_10481_2,232301,GEO,5.0,0.55,9.319
ID_10481_3,232301,GEO,5.0,0.55,9.319
ID_10481_T101,232301,GEO,5.0,0.55,9.319
ID_10481_T102,232301,GEO,5.0,0.55,9.319
ID_10481_T103,232301,GEO,5.0,0.55,9.319
ID_10631_GEN1,286671,GEO,35.8,3.93,9.319
ID_10632_GEN1,286671,GEO,35.8,3.93,9.319002000000001
ID_10634_GEN1,286671,GEO,35.8,3.93,9.318997
ID_10759_GEN1,286671,GEO,53.9,5.91,9.318999
ID_10763_GBU,400041,GEO,8.0,0.88,9.318971
ID_10763_GEN1,400041,GEO,21.6,2.37,9.318971
ID_10873_GEN1,261161,GEO,32.2,3.53,9.319001
ID_10873_GEN2,261161,GEO,30.0,3.29,9.319001
ID_10873_GEN3,261161,GEO,30.0,3.29,9.319001
ID_10874_GEN4,261161,GEO,30.0,3.29,9.319001
ID_10874_GEN5,261161,GEO,30.0,3.29,9.319001
ID_10874_GEN6,261161,GEO,30.0,3.29,9.319001
ID_10875_GEN7,261161,GEO,30.0,3.29,9.318999
ID_10875_GEN8,261161,GEO,30.0,3.29,9.318999
ID_10875_GEN9,261161,GEO,30.0,3.29,9.318999
ID_10878_EE11,286671,GEO,10.0,1.1,9.319022
ID_10879_GEN1,286671,GEO,11.5,1.26,9.318991
ID_10879_GEN2,286671,GEO,5.0,0.55,9.318991
ID_10879_GEN3,286671,GEO,3.5,0.38,9.318991
ID_50066_UNT1,204901,GEO,88.2,9.68,9.318995999999999
ID_50066_UNT2,204901,GEO,88.2,9.68,9.318995999999999
ID_50210_GEN1,286671,GEO,30.1,3.3,9.319002000000001
ID_50210_GEN2,286671,GEO,9.5,1.04,9.319002000000001
ID_50654_GEN1,300011,GEO,14.6,1.6,9.319007
ID_50654_OEC41,300011,GEO,5.5,0.6,9.319007
ID_50762_OE11,400041,GEO,1.2,0.13,9.319025
ID_50762_OE12,400041,GEO,1.2,0.13,9.319025
ID_50762_OE14,400041,GEO,1.2,0.13,9.319025
ID_50762_OE15,400041,GEO,1.2,0.13,9.319025
ID_50762_OE21,400041,GEO,1.2,0.13,9.319025
ID_50762_OE22,400041,GEO,1.2,0.13,9.319025
ID_50762_OE24,400041,GEO,1.2,0.13,9.319025
ID_50762_OE25,400041,GEO,1.2,0.13,9.319025
ID_50763_OE11,300011,GEO,1.2,0.13,9.54
ID_50763_OE12,300011,GEO,1.2,0.13,9.54
ID_50763_OE13,300011,GEO,1.2,0.13,9.54
ID_50763_OE14,300011,GEO,1.2,0.13,9.54
ID_50763_OE21,300011,GEO,1.2,0.13,9.54
ID_50763_OE22,300011,GEO,1.2,0.13,9.54
ID_50763_OE23,300011,GEO,1.2,0.13,9.54
ID_50765_11,300011,GEO,11.8,1.29,9.31899
ID_50765_12,300011,GEO,11.8,1.29,9.31899
ID_50765_21,300011,GEO,11.8,1.29,9.31899
ID_50765_22,300011,GEO,11.8,1.29,9.31899
ID_50766_ITLU1,400041,GEO,12.0,1.32,9.31899
ID_50766_ITLU2,400041,GEO,12.0,1.32,9.31899
ID_50766_OE31,400041,GEO,1.2,0.13,9.31899
ID_50766_OE32,400041,GEO,1.2,0.13,9.31899
ID_50964_IND,300011,GEO,1.5,0.16,9.54
ID_50964_SYN,300011,GEO,1.5,0.16,9.54
ID_52015_GEN1,300011,GEO,60.5,6.64,9.318995000000001
ID_52138_DE31,300011,GEO,1.2,0.13,9.54
ID_52138_DE32,300011,GEO,1.2,0.13,9.54
ID_52158_GEN1,204901,GEO,12.5,1.37,9.319004999999999
ID_52158_GEN2,204901,GEO,12.5,1.37,9.319004999999999
ID_52174_OE11,300011,GEO,1.2,0.13,9.318980999999999
ID_52174_OE12,300011,GEO,1.2,0.13,9.318980999999999
ID_52174_OE13,300011,GEO,1.2,0.13,9.318980999999999
ID_52174_OE21,300011,GEO,1.5,0.16,9.318980999999999
ID_52174_OEC1,300011,GEO,3.5,0.38,9.318980999999999
ID_52174_OEC2,300011,GEO,3.5,0.38,9.318980999999999
ID_52174_OEC3,300011,GEO,3.5,0.38,9.318980999999999
ID_52174_OEC4,300011,GEO,3.5,0.38,9.318980999999999
ID_52174_OEC5,300011,GEO,3.5,0.38,9.318980999999999
ID_52174_OEC6,300011,GEO,3.5,0.38,9.318980999999999
ID_54038_GEN1,400041,GEO,21.6,2.37,9.319007
ID_54111_GE10,400011,GEO,4.5,0.49,9.318995999999999
ID_54111_GE11,400011,GEO,4.5,0.49,9.318995999999999
ID_54111_GE12,400011,GEO,4.5,0.49,9.318995999999999
ID_54111_GE13,400011,GEO,16.0,1.76,9.318995999999999
ID_54111_GEN1,400011,GEO,3.5,0.38,9.318995999999999
ID_54111_GEN14,400011,GEO,16.0,1.76,9.318995999999999
ID_54111_GEN2,400011,GEO,3.5,0.38,9.318995999999999
ID_54111_GEN3,400011,GEO,3.5,0.38,9.318995999999999
ID_54111_GEN4,400011,GEO,3.5,0.38,9.318995999999999
ID_54111_GEN5,400011,GEO,3.5,0.38,9.318995999999999
ID_54111_GEN6,400011,GEO,3.5,0.38,9.318995999999999
ID_54111_GEN7,400011,GEO,4.5,0.49,9.318995999999999
ID_54111_GEN8,400011,GEO,4.5,0.49,9.318995999999999
ID_54111_GEN9,400011,GEO,4.5,0.49,9.318995999999999
ID_54665_T201,300011,GEO,9.1,1.0,9.319004000000001
ID_54665_T202,300011,GEO,9.1,1.0,9.319004000000001
ID_54666_T301,300011,GEO,9.1,1.0,9.319007
ID_54666_T302,300011,GEO,9.1,1.0,9.319007
ID_54689_1,400011,GEO,52.0,5.7,9.318959000000001
ID_54689_2,400011,GEO,7.0,0.77,9.318959000000001
ID_54689_3,400011,GEO,3.5,0.38,9.318959000000001
ID_54724_OEC21,400041,GEO,12.0,1.32,9.319017
ID_54724_OEC22,400041,GEO,12.0,1.32,9.319017
ID_54996_4100,286671,GEO,47.5,5.21,9.319
ID_55983_TG51,286671,GEO,58.3,6.4,9.319003
ID_55984_TG21,400041,GEO,11.5,1.26,9.318988
ID_55988_1,300011,GEO,0.6,0.07,9.318902
ID_55988_2,300011,GEO,0.8,0.09,9.318902
ID_55988_3,300011,GEO,0.8,0.09,9.318902
ID_55988_4,300011,GEO,0.8,0.09,9.318902
ID_55988_5,300011,GEO,0.8,0.09,9.318902
ID_55988_6,300011,GEO,0.8,0.09,9.318902
ID_55988_7,300011,GEO,0.8,0.09,9.318902
ID_55991_OEC,300011,GEO,6.5,0.71,9.318967
ID_55991_TG1,300011,GEO,9.2,1.01,9.318967
ID_55991_TG2,300011,GEO,9.2,1.01,9.318967
ID_55991_TG3,300011,GEO,8.0,0.88,9.318967
ID_56317_1,500071,GEO,18.0,1.97,9.318980999999999
ID_56321_1,300011,GEO,15.0,1.65,9.319001
ID_56321_OEC2,300011,GEO,15.0,1.65,9.319001
ID_56540_GEN1,300011,GEO,13.5,1.48,9.319014
ID_56541_GEN1,300011,GEO,15.0,1.65,9.318995000000001
ID_56541_GEN2,300011,GEO,15.0,1.65,9.318995000000001
ID_56832_GE1,400041,GEO,16.0,1.76,9.319
ID_56832_GE2,400041,GEO,16.0,1.76,9.319
ID_56832_GE3,400041,GEO,16.0,1.76,9.319
ID_56832_GE4,400041,GEO,16.0,1.76,9.319
ID_56982_BM1,741041,GEO,21.3,2.34,9.318991
ID_56982_BM2,741041,GEO,21.3,2.34,9.318991
ID_56982_BM3,741041,GEO,21.3,2.34,9.318991
ID_57213_101,300011,GEO,11.8,1.29,9.319009
ID_57213_201,300011,GEO,11.8,1.29,9.319009
ID_57353_2,500241,GEO,14.0,1.54,9.31897
ID_57376_OEC1,741041,GEO,16.0,1.76,9.319003
ID_57376_OEC2,741041,GEO,7.5,0.82,9.319003
ID_57446_1,741041,GEO,20.0,2.19,9.319
ID_57446_2,741041,GEO,20.0,2.19,9.319
ID_57446_3,741041,GEO,12.0,1.32,9.319
ID_57446_OEC21,741041,GEO,18.0,1.97,9.319
ID_57446_OEC22,741041,GEO,18.0,1.97,9.319
ID_57446_OEC23,741041,GEO,12.0,1.32,9.319
ID_57451_G9200,741041,GEO,12.0,1.32,9.319013
ID_57451_G9250,741041,GEO,12.0,1.32,9.319013
ID_57456_SEU1,300011,GEO,11.8,1.29,9.31898
ID_57475_HRP1,286671,GEO,55.0,6.03,9.319
ID_58022_NHS1,740011,GEO,11.0,1.21,9.319011
ID_58022_NHS2,740011,GEO,11.0,1.21,9.319011
ID_58022_NHS3,740011,GEO,11.0,1.21,9.319011
ID_58319_1,300011,GEO,16.0,1.76,9.318997999999999
ID_58319_3,300011,GEO,16.0,1.76,9.318997999999999
ID_58319_5,300011,GEO,16.0,1.76,9.318997999999999
ID_58533_1,300011,GEO,22.5,2.47,9.319
ID_58570_1G1A,500241,GEO,12.5,1.37,9.319003
ID_58570_2GIA,500241,GEO,12.5,1.37,9.319003
ID_58629_PB01,408811,GEO,1.0,0.11,9.319173000000001
ID_58629_PB02,408811,GEO,1.0,0.11,9.319173000000001
ID_58629_PB03,408811,GEO,1.0,0.11,9.319173000000001
ID_58629_PB04,408811,GEO,1.0,0.11,9.319173000000001
ID_59382_SVEP1,133661,GEO,3.7,0.41,9.319298
ID_60419_DAC2G,300011,GEO,25.0,2.74,9.318999
ID_56358_1,408811,BIO,3.0,1.03,13.5
ID_56616_G3,405951,BIO,27.2,9.32,18.505387
ID_57829_GLEN2,401691,BIO,1.4,0.48,12.566415999999998
ID_57403_GEN1,401601,BIO,1.6,0.55,10.778893
ID_57403_GEN2,401601,BIO,1.6,0.55,10.778893
ID_160_ST2,403911,BIT (Bituminous Coal),204.0,92.13,10.740021
ID_160_ST3,403911,BIT (Bituminous Coal),204.0,92.13,10.740021
ID_6177_CO1,408811,BIT (Bituminous Coal),410.9,185.56,10.699701
ID_113_3,405951,BIT (Bituminous Coal),312.3,141.03,10.777593999999999
ID_6177_CO2,408811,BIT (Bituminous Coal),410.9,185.56,10.699701
ID_113_4,405951,BIT (Bituminous Coal),414.0,186.96,10.777593999999999
ID_8223_1,408811,BIT (Bituminous Coal),424.8,191.84,10.389191
ID_8223_2,408811,BIT (Bituminous Coal),424.8,191.84,10.389191
ID_8223_3,408811,BIT (Bituminous Coal),458.1,206.88,10.389191
ID_8223_4,408811,BIT (Bituminous Coal),458.1,206.88,10.389191
ID_113_1,405951,BIT (Bituminous Coal),113.6,51.3,10.777593999999999
ID_126_4,403691,BIT (Bituminous Coal),173.3,78.26,10.54199
ID_117_C41,401691,NG (Natural Gas),91.0,40.19,12.919516
ID_55129_CTG1,403691,NG (Natural Gas),187.0,82.6,6.5
ID_55129_CTG2,403691,NG (Natural Gas),187.0,82.6,6.5
ID_55129_STG,403691,NG (Natural Gas),272.1,120.19,6.5
ID_55177_A,400061,NG (Natural Gas),236.0,104.24,6.5
ID_55177_B,400061,NG (Natural Gas),236.0,104.24,6.5
ID_55177_ST1,400061,NG (Natural Gas),236.0,104.24,6.5
ID_147_KY7,403671,NG (Natural Gas),170.0,75.09,6.5
ID_147_KY7A,403671,NG (Natural Gas),122.0,53.89,6.5
ID_55124_CTG1,400081,NG (Natural Gas),176.0,77.74,6.565865
ID_55124_CTG2,400081,NG (Natural Gas),176.6,78.0,6.565865
ID_55124_STG,400081,NG (Natural Gas),301.8,133.31,6.565865
ID_55282_CTG1,409941,NG (Natural Gas),198.0,87.46,6.5
ID_55282_CTG2,409941,NG (Natural Gas),198.0,87.46,6.5
ID_55282_STG1,409941,NG (Natural Gas),317.0,140.02,6.5
ID_55455_CT1A,409941,NG (Natural Gas),187.5,82.82,6.5
ID_55455_CT1B,409941,NG (Natural Gas),181.6,80.21,6.5
ID_55455_CT2A,409941,NG (Natural Gas),181.6,80.21,6.5
ID_55455_CT2B,409941,NG (Natural Gas),181.6,80.21,6.5
ID_55455_ST1,409941,NG (Natural Gas),204.0,90.11,6.5
ID_55455_ST2,409941,NG (Natural Gas),204.0,90.11,6.5
ID_117_C51,401691,NG (Natural Gas),184.5,81.49,12.919516
ID_117_C52,401691,NG (Natural Gas),184.5,81.49,12.919516
ID_117_C53,401691,NG (Natural Gas),200.6,88.61,12.919516
ID_55306_CTG7,409611,NG (Natural Gas),174.0,76.86,6.5
ID_55306_CTG8,409611,NG (Natural Gas),174.0,76.86,6.5
ID_55306_ST12,409611,NG (Natural Gas),271.0,119.7,6.5
ID_55481_GT3,409941,NG (Natural Gas),185.3,81.85,6.647698
ID_55481_GT4,409941,NG (Natural Gas),185.3,81.85,6.647698
ID_55481_ST2,409941,NG (Natural Gas),321.0,141.79,6.647698
ID_58557_GT1,409941,NG (Natural Gas),185.3,81.85,6.842819
ID_58557_GT2,409941,NG (Natural Gas),185.3,81.85,6.842819
ID_58557_ST1,409941,NG (Natural Gas),321.0,141.79,6.842819
ID_59338_CTG1,409611,NG (Natural Gas),174.0,76.86,6.5
ID_59338_CTG2,409611,NG (Natural Gas),174.0,76.86,6.5
ID_59338_CTG3,409611,NG (Natural Gas),174.0,76.86,6.5
ID_59338_CTG4,409611,NG (Natural Gas),174.0,76.86,6.5
ID_59338_ST10,409611,NG (Natural Gas),271.0,119.7,6.5
ID_59338_ST9,409611,NG (Natural Gas),271.0,119.7,6.5
ID_59784_CTG5,409611,NG (Natural Gas),174.0,76.86,6.5
ID_59784_CTG6,409611,NG (Natural Gas),174.0,76.86,6.5
ID_59784_ST11,409611,NG (Natural Gas),271.0,119.7,6.5
ID_55372_CTG1,409941,NG (Natural Gas),281.7,124.43,6.5
ID_55372_CTG2,409941,NG (Natural Gas),281.7,124.43,6.5
ID_55372_CTG3,409941,NG (Natural Gas),281.7,124.43,6.5
ID_55372_STG1,409941,NG (Natural Gas),160.0,70.67,6.5
ID_55372_STG2,409941,NG (Natural Gas),160.0,70.67,6.5
ID_55372_STG3,409941,NG (Natural Gas),160.0,70.67,6.5
ID_8068_ST5A,403671,NG (Natural Gas),153.8,67.93,7.530295
ID_8068_ST5B,403671,NG (Natural Gas),153.8,67.93,7.530295
ID_8068_ST5S,403671,NG (Natural Gas),314.5,138.91,7.530295
ID_8068_ST6A,403671,NG (Natural Gas),153.8,67.93,7.530295
ID_8068_ST6S,403671,NG (Natural Gas),136.1,60.12,7.530295
ID_141_AF5,401691,NG (Natural Gas),71.2,31.45,13.283107
ID_141_AF6,401691,NG (Natural Gas),71.2,31.45,13.283107
ID_141_AF4,401691,NG (Natural Gas),80.5,35.56,13.283107
ID_160_GT3,403911,NG (Natural Gas),78.7,34.76,12.126109
ID_6515_GT3,403691,NG (Natural Gas),18.0,7.95,16.124195
ID_54594_G4,403911,NG (Natural Gas),1.6,0.71,18.833766
ID_124_GT2,403691,NG (Natural Gas),85.0,37.54,14.913193999999999
ID_6088_4,403691,NG (Natural Gas),26.8,11.84,22.754959
ID_118_GE1,403691,NG (Natural Gas),78.3,34.59,15.689649
ID_160_GT4,403911,NG (Natural Gas),60.5,26.72,12.126109
ID_55522_CT1,403691,NG (Natural Gas),60.5,26.72,10.927793
ID_55522_CT10,403691,NG (Natural Gas),60.5,26.72,10.927793
ID_55522_CT2,403691,NG (Natural Gas),60.5,26.72,10.927793
ID_55522_CT3,403691,NG (Natural Gas),60.5,26.72,10.927793
ID_55522_CT4,403691,NG (Natural Gas),60.5,26.72,10.927793
ID_55522_CT5,403691,NG (Natural Gas),60.5,26.72,10.927793
ID_55522_CT6,403691,NG (Natural Gas),60.5,26.72,10.927793
ID_55522_CT7,403691,NG (Natural Gas),60.5,26.72,10.927793
ID_55522_CT8,403691,NG (Natural Gas),60.5,26.72,10.927793
ID_55522_CT9,403691,NG (Natural Gas),60.5,26.72,10.927793
ID_6515_GT4,403691,NG (Natural Gas),54.0,23.85,16.124195
ID_120_GT5,400041,NG (Natural Gas),60.5,26.72,11.979685
ID_120_GT6,400041,NG (Natural Gas),60.5,26.72,11.979685
ID_56482_1,400081,NG (Natural Gas),60.5,26.72,9.850155
ID_56482_2,400081,NG (Natural Gas),60.5,26.72,9.850155
ID_56948_1,403691,NG (Natural Gas),60.5,26.72,10.159803
ID_56948_10,403691,NG (Natural Gas),60.5,26.72,10.159803
ID_56948_11,403691,NG (Natural Gas),60.5,26.72,10.159803
ID_56948_12,403691,NG (Natural Gas),60.5,26.72,10.159803
ID_56948_2,403691,NG (Natural Gas),60.5,26.72,10.159803
ID_56948_3,403691,NG (Natural Gas),60.5,26.72,10.159803
ID_56948_4,403691,NG (Natural Gas),60.5,26.72,10.159803
ID_56948_5,403691,NG (Natural Gas),60.5,26.72,10.159803
ID_56948_6,403691,NG (Natural Gas),60.5,26.72,10.159803
ID_56948_7,403691,NG (Natural Gas),60.5,26.72,10.159803
ID_56948_8,403691,NG (Natural Gas),60.5,26.72,10.159803
ID_56948_9,403691,NG (Natural Gas),60.5,26.72,10.159803
ID_141_AF2,401691,NG (Natural Gas),113.6,50.18,13.283107
ID_126_ST1,403691,NG (Natural Gas),108.8,48.06,12.05076
ID_141_AF1,401691,NG (Natural Gas),113.6,50.18,13.283107
ID_120_ST1,400041,NG (Natural Gas),86.7,38.3,11.979685
ID_116_1,402811,NG (Natural Gas),113.6,50.18,21.526106
ID_116_2,402811,NG (Natural Gas),113.6,50.18,21.526106
ID_126_ST2,403691,NG (Natural Gas),108.8,48.06,12.05076
ID_141_AF3,401691,NG (Natural Gas),163.2,72.09,13.283107
ID_126_ST3,403691,NG (Natural Gas),113.6,50.18,12.05076
ID_160_ST1,403911,NG (Natural Gas),81.6,36.04,12.126109
ID_120_GT4,400041,OIL,72.4,25.43,13.039143
ID_120_GT21,400041,OIL,25.3,8.89,13.039143
ID_50571_GEN1,216471,BIO,3.0,1.03,40.5
ID_10288_IS27,133661,BIO,9.3,3.19,13.5
ID_10648_GEN2,281221,BIO,1.8,0.62,13.5
ID_10648_GEN3,281221,BIO,1.8,0.62,13.5
ID_10764_GEN1,200001,BIO,13.8,4.73,20.078343
ID_50831_GEN1,211651,BIO,1.0,0.34,16.034415
ID_50831_GEN3,211651,BIO,1.0,0.34,16.034415
ID_54219_GEN1,133661,BIO,11.4,3.91,13.5
ID_54468_GEN1,300011,BIO,11.4,3.91,13.5
ID_54469_GEN1,201361,BIO,9.0,3.08,13.5
ID_54469_GEN2,201361,BIO,9.0,3.08,13.5
ID_56036_GEN1,211651,BIO,2.2,0.75,12.589786
ID_56036_GEN2,211651,BIO,2.2,0.75,12.589786
ID_56036_GEN3,211651,BIO,2.2,0.75,12.589786
ID_60100_G1,232301,BIO,11.5,3.94,18.028775000000003
ID_10052_GEN1,200001,BIO,18.8,6.44,16.510343000000002
ID_10091_GEN1,253751,BIO,9.9,3.39,9.0
ID_10091_GEN4,253751,BIO,8.7,2.98,9.0
ID_10472_GEN1,255951,BIO,50.0,17.14,11.339015999999999
ID_50560_GEN1,230541,BIO,25.0,8.57,15.57105
ID_52204_OTA1,285491,BIO,1.8,0.62,13.712778
ID_54327_TOY4,252891,BIO,1.8,0.62,18.956197
ID_54327_TOY5,252891,BIO,1.8,0.62,18.956197
ID_50363_L313,400041,BIO,21.0,7.2,13.5
ID_50831_GEN2,211651,BIO,1.0,0.34,16.034415
ID_50881_GEN1,200261,BIO,18.3,6.27,18.601629
ID_50881_GEN2,200261,BIO,18.3,6.27,18.601629
ID_50881_GEN3,200261,BIO,18.3,6.27,18.601629
ID_10767_GEN1,232301,BIO,28.0,9.6,14.045298
ID_50632_GEN1,230601,BIO,24.0,8.22,18.350047
ID_50837_GEN1,253751,BIO,35.6,12.2,19.709242999999997
ID_10395_GEN1,280991,BIO,20.0,6.85,25.202133
ID_10652_GEN1,133661,BIO,31.0,10.62,15.686332
ID_10772_GEN1,201361,BIO,27.9,9.56,14.841121
ID_10777_GEN1,300011,BIO,36.2,12.41,14.593845
ID_10836_GEN1,201361,BIO,28.0,9.6,16.717706999999997
ID_10837_GEN1,230601,BIO,28.0,9.6,13.892839
ID_50293_GEN1,204901,BIO,28.6,9.8,13.766125
ID_50571_GEN2,216471,BIO,3.0,1.03,40.5
ID_10840_GEN1,232301,BIO,31.8,10.9,13.962785
ID_54567_1,201361,BIO,0.6,0.21,12.699577
ID_54567_2,201361,BIO,0.6,0.21,12.699577
ID_54567_3,201361,BIO,0.6,0.21,12.699577
ID_10300_GEN1,286671,BIO,55.5,19.02,16.026809
ID_52204_OTA2,285491,BIO,1.8,0.62,13.712778
ID_10840_GEN2,232301,BIO,25.2,8.64,13.962785
ID_52099_GEN6,280781,BIO,1.0,0.34,9.323548
ID_54015_GEN2,257141,BIO,6.8,2.33,16.597366
ID_54567_4,201361,BIO,0.6,0.21,12.699577
ID_55752_P11,204901,BIO,0.8,0.27,10.800361
ID_55752_P12,204901,BIO,0.8,0.27,10.800361
ID_55752_P13,204901,BIO,0.8,0.27,10.800361
ID_55752_P14,204901,BIO,0.8,0.27,10.800361
ID_55753_P21,204901,BIO,0.8,0.27,14.423604
ID_55753_P22,204901,BIO,0.8,0.27,14.423604
ID_55753_P23,204901,BIO,0.8,0.27,14.423604
ID_55753_P24,204901,BIO,0.8,0.27,14.423604
ID_55094_UNT1,284741,BIO,1.6,0.55,12.089499
ID_55094_UNT2,284741,BIO,1.6,0.55,12.089499
ID_55094_UNT3,284741,BIO,1.6,0.55,12.089499
ID_55094_UNT4,284741,BIO,1.6,0.55,12.089499
ID_57557_S14,211211,BIO,0.8,0.27,11.373275
ID_57557_S15,211211,BIO,0.8,0.27,11.373275
ID_54567_5,201361,BIO,0.4,0.14,12.699577
ID_55161_UNT1,252891,BIO,3.0,1.03,9.971709
ID_54015_GEN3,257141,BIO,4.9,1.68,16.597366
ID_55601_UNT1,280991,BIO,3.0,1.03,11.040764
ID_55601_UNT2,280991,BIO,3.0,1.03,11.040764
ID_55602_UNT1,284741,BIO,0.9,0.31,12.555489999999999
ID_55602_UNT2,284741,BIO,0.9,0.31,12.555489999999999
ID_55602_UNT3,284741,BIO,0.9,0.31,12.555489999999999
ID_55602_UNT4,284741,BIO,0.9,0.31,12.555489999999999
ID_55766_361A,201361,BIO,3.0,1.03,13.002995
ID_55766_361B,201361,BIO,3.0,1.03,13.002995
ID_55766_361C,201361,BIO,3.0,1.03,13.002995
ID_55603_UNT1,258301,BIO,3.0,1.03,9.0
ID_10091_G3,253751,BIO,9.9,3.39,9.0
ID_10748_U2J02,230171,BIO,1.0,0.34,10.245144
ID_50571_GEN3,216471,BIO,1.3,0.45,40.5
ID_50571_GEN4,216471,BIO,1.3,0.45,40.5
ID_57971_COGEN,211211,BIO,2.1,0.72,13.115682000000001
ID_10091_G2,253751,BIO,9.9,3.39,9.0
ID_56170_UNT1,284011,BIO,1.3,0.45,14.621993
ID_56170_UNT2,284011,BIO,1.3,0.45,14.621993
ID_10387_3,284741,BIO,3.0,1.03,24.161916
ID_55880_P31,204901,BIO,0.8,0.27,13.5
ID_55880_P32,204901,BIO,0.8,0.27,13.5
ID_56534_GEN1,280991,BIO,1.3,0.45,13.718047
ID_56534_GEN2,280991,BIO,1.3,0.45,13.718047
ID_56534_GEN3,280991,BIO,1.3,0.45,13.718047
ID_56535_GEN1,262011,BIO,1.3,0.45,13.966406000000001
ID_56535_GEN2,262011,BIO,1.3,0.45,13.966406000000001
ID_57988_GEN1,201361,BIO,0.8,0.27,13.108576
ID_57988_GEN2,201361,BIO,0.8,0.27,13.108576
ID_57988_GEN3,201361,BIO,0.8,0.27,13.108576
ID_10748_U1C06,230171,BIO,1.6,0.55,10.245144
ID_52204_OTA3,285491,BIO,3.3,1.13,13.712778
ID_56428_Unit1,233771,BIO,1.0,0.34,12.532748999999999
ID_56428_Unit2,233771,BIO,1.0,0.34,12.532748999999999
ID_56428_Unit3,233771,BIO,1.0,0.34,12.532748999999999
ID_57102_EN01,257301,BIO,1.1,0.38,9.0
ID_58056_JEN1,257141,BIO,0.5,0.17,10.416606
ID_58056_JEN2,257141,BIO,0.5,0.17,10.416606
ID_10026_EG10,283651,BIO,0.8,0.27,10.078127
ID_10026_EG20,283651,BIO,0.8,0.27,10.078127
ID_56706_AMPC,230601,BIO,12.5,4.28,20.730647
ID_56707_AMPC,230601,BIO,12.5,4.28,20.954017
ID_56895_1,211211,BIO,1.9,0.65,10.779145
ID_56895_2,211211,BIO,1.9,0.65,10.779145
ID_56895_3,211211,BIO,1.9,0.65,10.779145
ID_56895_4,211211,BIO,1.9,0.65,10.779145
ID_56895_5,211211,BIO,1.9,0.65,10.779145
ID_56895_6,211211,BIO,1.9,0.65,10.779145
ID_57100_EN01,261331,BIO,1.1,0.38,9.0
ID_10026_EG30,283651,BIO,0.8,0.27,10.078127
ID_10026_EG40,283651,BIO,0.8,0.27,10.078127
ID_56897_1,216471,BIO,1.9,0.65,10.72217
ID_56897_2,216471,BIO,1.9,0.65,10.72217
ID_57133_359,201361,BIO,1.6,0.55,11.789841000000001
ID_57154_1209,400041,BIO,18.1,6.2,13.5
ID_57876_UNT1,233771,BIO,1.6,0.55,11.792504999999998
ID_56898_1,262011,BIO,4.6,1.58,13.476002000000001
ID_56898_2,262011,BIO,4.6,1.58,13.476002000000001
ID_57101_1,261331,BIO,1.4,0.48,9.137028
ID_57102_EN02,257301,BIO,1.1,0.38,9.0
ID_57163_GEN1,251601,BIO,4.6,1.58,15.236996999999999
ID_57163_GEN3,251601,BIO,4.6,1.58,15.236996999999999
ID_10387_1A,284741,BIO,1.2,0.41,24.161916
ID_10387_2A,284741,BIO,1.2,0.41,24.161916
ID_57696_1,211651,BIO,4.6,1.58,11.930833
ID_57857_1,200261,BIO,5.5,1.88,13.5
ID_57988_GEN5,201361,BIO,0.8,0.27,13.108576
ID_57988_GEN6,201361,BIO,0.8,0.27,13.108576
ID_57988_GEN4,201361,BIO,0.8,0.27,13.108576
ID_58007_G1,281221,BIO,6.8,2.33,9.0
ID_58007_G2,281221,BIO,6.8,2.33,9.0
ID_58007_G3,281221,BIO,6.8,2.33,9.0
ID_58007_G4,281221,BIO,6.8,2.33,9.0
ID_58007_G5,281221,BIO,10.0,3.43,9.0
ID_58472_1,230541,BIO,22.5,7.71,15.409181
ID_58971_UNIT1,232301,BIO,1.1,0.38,13.5
ID_58971_UNIT2,232301,BIO,1.1,0.38,13.5
ID_58971_UNIT3,232301,BIO,1.1,0.38,13.5
ID_52204_OTA5,285491,BIO,1.6,0.55,13.712778
ID_52204_OTA6,285491,BIO,1.6,0.55,13.712778
ID_57133_361,201361,BIO,1.6,0.55,11.789841000000001
ID_57771_1,201361,BIO,2.3,0.79,11.702633
ID_58320_362,216471,BIO,1.6,0.55,10.718594999999999
ID_58379_W3998,261331,BIO,1.5,0.51,11.760123
ID_58397_ENG1,230171,BIO,1.4,0.48,10.673471
ID_58699_GEN1,262011,BIO,1.0,0.34,12.395959999999999
ID_58699_GEN2,262011,BIO,1.0,0.34,12.395959999999999
ID_58960_S200,204901,BIO,1.1,0.38,9.177859
ID_58960_S201,204901,BIO,1.1,0.38,9.177859
ID_58960_S202,204901,BIO,1.1,0.38,9.177859
ID_58960_S203,204901,BIO,1.1,0.38,9.177859
ID_60571_NCEP,284741,BIO,1.6,0.55,9.289941
ID_58429_1,252891,BIO,4.6,1.58,11.67286
ID_58429_2,252891,BIO,4.6,1.58,11.67286
ID_58429_3,252891,BIO,4.6,1.58,11.67286
ID_58429_4,252891,BIO,4.6,1.58,11.67286
ID_58429_5,252891,BIO,4.6,1.58,11.67286
ID_58435_ENG1,216471,BIO,2.2,0.75,9.93194
ID_58435_ENG2,216471,BIO,2.2,0.75,9.93194
ID_58436_ENG1,230541,BIO,2.2,0.75,9.962412
ID_58436_ENG2,230541,BIO,2.2,0.75,9.962412
ID_58437_ENG1,230541,BIO,2.2,0.75,10.183771
ID_58437_ENG2,230541,BIO,2.2,0.75,10.183771
ID_58978_CVAP,230541,BIO,1.5,0.51,19.167568
ID_59447_00001,232301,BIO,1.0,0.34,13.790287000000001
ID_60249_CGN,211211,BIO,1.2,0.41,10.293151
ID_7527_CCCT,201361,NG (Natural Gas),54.0,23.85,7.32715
ID_54912_STG1,216471,NG (Natural Gas),20.0,8.83,6.5
ID_10213_GEN5,253851,NG (Natural Gas),40.3,17.8,10.304041999999999
ID_58198_GTG1,211211,NG (Natural Gas),5.0,2.21,10.406087
ID_58198_GTG2,211211,NG (Natural Gas),5.0,2.21,10.406087
ID_58198_STG1,211211,NG (Natural Gas),3.5,1.55,10.406087
ID_7551_CCST,201361,NG (Natural Gas),49.8,22.0,7.2543429999999995
ID_7551_CT1A,201361,NG (Natural Gas),49.8,22.0,7.2543429999999995
ID_7551_CT1B,201361,NG (Natural Gas),49.8,22.0,7.2543429999999995
ID_7552_CCCT,201361,NG (Natural Gas),118.7,52.43,6.5
ID_7552_CCST,201361,NG (Natural Gas),55.2,24.38,6.5
ID_50541_ST1,253751,NG (Natural Gas),13.6,6.01,6.5
ID_50541_ST2,253751,NG (Natural Gas),11.5,5.08,6.5
ID_55112_CT01,201361,NG (Natural Gas),212.0,93.64,6.5
ID_55112_CT02,201361,NG (Natural Gas),212.0,93.64,6.5
ID_55112_ST01,201361,NG (Natural Gas),212.0,93.64,6.5
ID_55182_X718,262011,NG (Natural Gas),167.7,74.07,6.5
ID_55182_X719,262011,NG (Natural Gas),167.7,74.07,6.5
ID_55217_CTG1,216471,NG (Natural Gas),198.9,87.85,6.5
ID_55217_CTG2,216471,NG (Natural Gas),198.9,87.85,6.5
ID_55217_STG3,216471,NG (Natural Gas),280.5,123.9,6.5
ID_57584_NT2,284741,NG (Natural Gas),15.0,6.63,6.5
ID_57584_ST1,284741,NG (Natural Gas),15.0,6.63,6.5
ID_260_CT1A,233771,NG (Natural Gas),233.0,102.92,7.046323999999999
ID_260_CT1B,233771,NG (Natural Gas),233.0,102.92,7.046323999999999
ID_260_CT2A,233771,NG (Natural Gas),233.0,102.92,7.046323999999999
ID_260_CT2B,233771,NG (Natural Gas),233.0,102.92,7.046323999999999
ID_260_ST1,233771,NG (Natural Gas),233.0,102.92,7.046323999999999
ID_260_ST2,233771,NG (Natural Gas),233.0,102.92,7.046323999999999
ID_7307_5,200261,NG (Natural Gas),40.0,17.67,9.145903
ID_50061_GEN4,285491,NG (Natural Gas),4.1,1.81,6.5
ID_55333_CTG1,216471,NG (Natural Gas),212.0,93.64,6.5
ID_55333_CTG2,216471,NG (Natural Gas),212.0,93.64,6.5
ID_55333_CTG3,216471,NG (Natural Gas),213.5,94.3,6.5
ID_55333_STG1,216471,NG (Natural Gas),306.0,135.16,6.5
ID_58083_GTG1,281221,NG (Natural Gas),19.0,8.39,6.5
ID_58083_STG1,281221,NG (Natural Gas),2.0,0.88,6.5
ID_7266_2,230601,NG (Natural Gas),37.7,16.65,6.646591
ID_7266_3,230601,NG (Natural Gas),60.5,26.72,6.646591
ID_55151_GEN1,232301,NG (Natural Gas),300.0,132.51,7.29385
ID_55151_GEN2,232301,NG (Natural Gas),300.0,132.51,7.29385
ID_55151_GEN3,232301,NG (Natural Gas),300.0,132.51,7.29385
ID_55151_GEN4,232301,NG (Natural Gas),300.0,132.51,7.29385
ID_55182_STG,262011,NG (Natural Gas),270.0,119.26,6.5
ID_55295_CT1,400041,NG (Natural Gas),182.0,80.39,6.5
ID_55295_CT2,400041,NG (Natural Gas),182.0,80.39,6.5
ID_55295_ST1,400041,NG (Natural Gas),227.0,100.27,6.5
ID_55400_CTG1,232301,NG (Natural Gas),199.0,87.9,6.5
ID_55400_CTG2,232301,NG (Natural Gas),199.0,87.9,6.5
ID_55400_STG,232301,NG (Natural Gas),225.0,99.38,6.5
ID_55518_CTG1,284011,NG (Natural Gas),173.0,76.41,7.0031620000000006
ID_55518_CTG2,284011,NG (Natural Gas),173.0,76.41,7.0031620000000006
ID_55518_CTG3,284011,NG (Natural Gas),173.0,76.41,7.0031620000000006
ID_55518_STG1,284011,NG (Natural Gas),333.0,147.09,7.0031620000000006
ID_55748_CTG1,211211,NG (Natural Gas),45.0,19.88,6.757403
ID_55748_CTG2,211211,NG (Natural Gas),45.0,19.88,6.757403
ID_55748_CTG3,211211,NG (Natural Gas),45.0,19.88,6.757403
ID_55748_CTG4,211211,NG (Natural Gas),45.0,19.88,6.757403
ID_55933_TPP1,230541,NG (Natural Gas),84.4,37.28,6.742787
ID_55933_TPP2,230541,NG (Natural Gas),84.4,37.28,6.742787
ID_408_6,252891,NG (Natural Gas),182.8,80.74,7.715615
ID_408_7,252891,NG (Natural Gas),182.8,80.74,7.715615
ID_408_8,252891,NG (Natural Gas),264.4,116.79,7.715615
ID_10156_GEN4,232301,NG (Natural Gas),50.3,22.22,7.4586559999999995
ID_358_MV3A,284011,NG (Natural Gas),164.6,72.7,6.63958
ID_358_MV3B,284011,NG (Natural Gas),164.6,72.7,6.63958
ID_358_MV3C,284011,NG (Natural Gas),189.2,83.57,6.63958
ID_400_10,261001,NG (Natural Gas),182.8,80.74,8.07037
ID_400_8,261001,NG (Natural Gas),264.3,116.74,8.07037
ID_400_9,261001,NG (Natural Gas),182.8,80.74,8.07037
ID_55393_CTG1,233771,NG (Natural Gas),200.0,88.34,6.5
ID_55393_CTG2,233771,NG (Natural Gas),200.0,88.34,6.5
ID_55393_STG1,233771,NG (Natural Gas),235.0,103.8,6.5
ID_55656_CT01,262011,NG (Natural Gas),168.0,74.21,6.5
ID_55656_CT02,262011,NG (Natural Gas),168.0,74.21,6.5
ID_55656_CT04,262011,NG (Natural Gas),168.0,74.21,6.5
ID_55656_ST03,262011,NG (Natural Gas),185.0,81.71,6.5
ID_55656_ST05,262011,NG (Natural Gas),90.0,39.75,6.5
ID_55985_CTG1,283651,NG (Natural Gas),165.0,72.88,6.5
ID_55985_CTG2,283651,NG (Natural Gas),165.0,72.88,6.5
ID_56026_CTG1,233771,NG (Natural Gas),50.0,22.08,6.5
ID_56026_CTG2,233771,NG (Natural Gas),50.0,22.08,6.5
ID_56026_STG,233771,NG (Natural Gas),54.0,23.85,6.5
ID_56041_M1,255981,NG (Natural Gas),40.0,17.67,6.5
ID_56041_M2,255981,NG (Natural Gas),40.0,17.67,6.5
ID_56041_M3,255981,NG (Natural Gas),50.0,22.08,6.5
ID_56046_1,252891,NG (Natural Gas),198.9,87.85,6.5
ID_56046_2,252891,NG (Natural Gas),188.7,83.35,6.5
ID_56356_CT1,281221,NG (Natural Gas),41.0,18.11,6.5
ID_56356_ST1,281221,NG (Natural Gas),8.0,3.53,6.5
ID_358_MV4A,284011,NG (Natural Gas),164.6,72.7,6.63958
ID_358_MV4B,284011,NG (Natural Gas),164.6,72.7,6.63958
ID_358_MV4C,284011,NG (Natural Gas),189.2,83.57,6.63958
ID_55970_1,201361,NG (Natural Gas),190.0,83.92,6.5
ID_55970_2,201361,NG (Natural Gas),170.0,75.09,6.5
ID_55970_3,201361,NG (Natural Gas),170.0,75.09,6.5
ID_55985_STG,283651,NG (Natural Gas),229.0,101.15,6.5
ID_56078_1,230601,NG (Natural Gas),94.9,41.92,6.6424520000000005
ID_56078_2,230601,NG (Natural Gas),94.9,41.92,6.6424520000000005
ID_56078_3,230601,NG (Natural Gas),110.8,48.94,6.6424520000000005
ID_56298_0001,201361,NG (Natural Gas),42.0,18.55,6.5
ID_56298_0002,201361,NG (Natural Gas),42.0,18.55,6.5
ID_56298_0003,201361,NG (Natural Gas),80.0,35.34,6.5
ID_57122_CTG1,280991,NG (Natural Gas),13.5,5.96,6.5
ID_57122_STG1,280991,NG (Natural Gas),5.5,2.43,6.5
ID_57564_CTG,232301,NG (Natural Gas),49.0,21.64,6.5
ID_55345_101,285491,NG (Natural Gas),198.9,87.85,6.5
ID_55345_102,285491,NG (Natural Gas),198.9,87.85,6.5
ID_55345_103,285491,NG (Natural Gas),290.7,128.4,6.5
ID_55853_1,284011,NG (Natural Gas),409.5,180.88,7.196237
ID_56476_A,216471,NG (Natural Gas),203.2,89.75,6.5
ID_56476_B,216471,NG (Natural Gas),203.2,89.75,6.5
ID_56476_C,216471,NG (Natural Gas),213.3,94.21,6.5
ID_55853_2,284011,NG (Natural Gas),409.5,180.88,7.196237
ID_56532_A,204901,NG (Natural Gas),181.5,80.17,6.5
ID_56532_B,204901,NG (Natural Gas),181.5,80.17,6.5
ID_56532_C,204901,NG (Natural Gas),349.4,154.33,6.5
ID_7307_6,200261,NG (Natural Gas),42.5,18.77,9.145903
ID_389_30,400011,NG (Natural Gas),65.9,29.11,8.425130999999999
ID_389_31,400011,NG (Natural Gas),43.2,19.08,8.425130999999999
ID_389_32,400011,NG (Natural Gas),43.2,19.08,8.425130999999999
ID_55933_TCC1,230541,NG (Natural Gas),167.3,73.9,6.742787
ID_57564_STG2,232301,NG (Natural Gas),12.5,5.52,6.5
ID_57978_CT1,230541,NG (Natural Gas),185.0,81.71,6.5
ID_57978_ST1,230541,NG (Natural Gas),103.9,45.89,6.5
ID_10213_GEN7,253851,NG (Natural Gas),40.7,17.98,10.304041999999999
ID_10213_GEN8,253851,NG (Natural Gas),5.2,2.3,10.304041999999999
ID_55748_CAG5,211211,NG (Natural Gas),126.1,55.7,6.757403
ID_56467_CTG1,211211,NG (Natural Gas),200.0,88.34,6.5
ID_56467_CTG2,211211,NG (Natural Gas),200.0,88.34,6.5
ID_56467_STG1,211211,NG (Natural Gas),255.0,112.63,6.5
ID_57901_5,253851,NG (Natural Gas),198.0,87.46,6.5
ID_57901_6,253851,NG (Natural Gas),70.7,31.23,6.5
ID_57901_7,253851,NG (Natural Gas),198.0,87.46,6.5
ID_57901_8,253851,NG (Natural Gas),70.7,31.23,6.5
ID_55698_HEP1,232301,NG (Natural Gas),46.1,20.36,10.885501
ID_55698_HEP2,232301,NG (Natural Gas),46.1,20.36,10.885501
ID_55810_S3,233771,NG (Natural Gas),45.0,19.88,11.196761
ID_55810_S4,233771,NG (Natural Gas),45.0,19.88,11.196761
ID_55934_C4,284011,NG (Natural Gas),11.2,4.95,8.633588
ID_55935_D1,284011,NG (Natural Gas),11.2,4.95,8.624169
ID_55935_D2,284011,NG (Natural Gas),11.2,4.95,8.624169
ID_55935_D3,284011,NG (Natural Gas),11.2,4.95,8.624169
ID_55935_D4,284011,NG (Natural Gas),11.2,4.95,8.624169
ID_56184_IC10,200261,NG (Natural Gas),2.9,1.28,10.66648
ID_56184_IC11,200261,NG (Natural Gas),2.9,1.28,10.66648
ID_56184_IC12,200261,NG (Natural Gas),2.9,1.28,10.66648
ID_56184_IC13,200261,NG (Natural Gas),2.9,1.28,10.66648
ID_56184_IC14,200261,NG (Natural Gas),2.9,1.28,10.66648
ID_56184_IC15,200261,NG (Natural Gas),2.9,1.28,10.66648
ID_56184_IC16,200261,NG (Natural Gas),2.9,1.28,10.66648
ID_56184_IC2,200261,NG (Natural Gas),2.9,1.28,10.66648
ID_56184_IC3,200261,NG (Natural Gas),2.9,1.28,10.66648
ID_56184_IC4,200261,NG (Natural Gas),2.9,1.28,10.66648
ID_56184_IC5,200261,NG (Natural Gas),2.9,1.28,10.66648
ID_56184_IC6,200261,NG (Natural Gas),2.9,1.28,10.66648
ID_56184_IC7,200261,NG (Natural Gas),2.9,1.28,10.66648
ID_56184_IC8,200261,NG (Natural Gas),2.9,1.28,10.66648
ID_56184_IC9,200261,NG (Natural Gas),2.9,1.28,10.66648
ID_56185_IC1,230601,NG (Natural Gas),3.1,1.37,10.139029
ID_56185_IC10,230601,NG (Natural Gas),3.1,1.37,10.139029
ID_56185_IC11,230601,NG (Natural Gas),3.1,1.37,10.139029
ID_56185_IC12,230601,NG (Natural Gas),3.1,1.37,10.139029
ID_56185_IC13,230601,NG (Natural Gas),3.1,1.37,10.139029
ID_56185_IC14,230601,NG (Natural Gas),3.1,1.37,10.139029
ID_56185_IC15,230601,NG (Natural Gas),3.1,1.37,10.139029
ID_56185_IC16,230601,NG (Natural Gas),3.1,1.37,10.139029
ID_56185_IC2,230601,NG (Natural Gas),3.1,1.37,10.139029
ID_56185_IC3,230601,NG (Natural Gas),3.1,1.37,10.139029
ID_56185_IC4,230601,NG (Natural Gas),3.1,1.37,10.139029
ID_56185_IC5,230601,NG (Natural Gas),3.1,1.37,10.139029
ID_56185_IC6,230601,NG (Natural Gas),3.1,1.37,10.139029
ID_56185_IC7,230601,NG (Natural Gas),3.1,1.37,10.139029
ID_56185_IC8,230601,NG (Natural Gas),3.1,1.37,10.139029
ID_56185_IC9,230601,NG (Natural Gas),3.1,1.37,10.139029
ID_57715_GEN2,283651,NG (Natural Gas),1.0,0.44,24.111
ID_58422_CP1,252891,NG (Natural Gas),0.2,0.09,10.568895000000001
ID_399_GT10,253751,NG (Natural Gas),60.5,26.72,9.333083
ID_399_GT11,253751,NG (Natural Gas),60.5,26.72,9.333083
ID_399_GT12,253751,NG (Natural Gas),60.5,26.72,9.333083
ID_399_GT13,253751,NG (Natural Gas),60.5,26.72,9.333083
ID_399_GT14,253751,NG (Natural Gas),60.5,26.72,9.333083
ID_408_5,252891,NG (Natural Gas),60.5,26.72,7.715615
ID_7987_L1,252891,NG (Natural Gas),60.5,26.72,12.059085999999999
ID_54296_EG3,257301,NG (Natural Gas),1.0,0.44,10.421247
ID_55499_CPP1,216471,NG (Natural Gas),60.5,26.72,10.844625
ID_55512_CPP6,285491,NG (Natural Gas),48.7,21.51,11.369455
ID_55807_HPP1,232301,NG (Natural Gas),49.0,21.64,10.308509
ID_55807_HPP2,232301,NG (Natural Gas),49.0,21.64,10.308509
ID_55810_S5,233771,NG (Natural Gas),45.0,19.88,11.196761
ID_55811_CTG1,230171,NG (Natural Gas),47.3,20.89,10.760966
ID_55813_CTG1,201361,NG (Natural Gas),47.3,20.89,11.964584
ID_55851_GT1,216471,NG (Natural Gas),51.0,22.53,6.5
ID_56144_1,284011,NG (Natural Gas),10.0,4.42,13.333333
ID_56144_2,284011,NG (Natural Gas),10.0,4.42,13.333333
ID_56144_3,284011,NG (Natural Gas),10.0,4.42,13.333333
ID_56144_4,284011,NG (Natural Gas),10.0,4.42,13.333333
ID_57714_GEN1,211211,NG (Natural Gas),1.1,0.49,10.3
ID_57714_GEN2,211211,NG (Natural Gas),1.1,0.49,10.3
ID_57714_GEN3,211211,NG (Natural Gas),1.1,0.49,10.3
ID_57714_GEN4,211211,NG (Natural Gas),1.1,0.49,10.3
ID_58056_T100,257141,NG (Natural Gas),5.2,2.3,13.181059999999999
ID_58056_T200,257141,NG (Natural Gas),5.2,2.3,13.181059999999999
ID_58058_1,255981,NG (Natural Gas),6.7,2.96,8.037
ID_58100_5900,261161,NG (Natural Gas),4.5,1.99,15.367515
ID_55625_CT1,216471,NG (Natural Gas),47.0,20.76,11.05852
ID_55626_CT1,216471,NG (Natural Gas),47.0,20.76,11.071416
ID_55627_CT1,216471,NG (Natural Gas),47.0,20.76,11.283185
ID_55847_CTG1,201361,NG (Natural Gas),47.0,20.76,11.020768
ID_55855_CTG1,216471,NG (Natural Gas),47.0,20.76,10.745092000000001
ID_55951_AMP1,284011,NG (Natural Gas),60.5,26.72,10.014051
ID_55963_CTG1,216471,NG (Natural Gas),47.0,20.76,10.944310999999999
ID_56051_GEN1,261001,NG (Natural Gas),57.4,25.35,10.206896
ID_58190_CG,261331,NG (Natural Gas),1.4,0.62,8.037
ID_58607_1,211211,NG (Natural Gas),0.5,0.22,11.787139
ID_58607_2,211211,NG (Natural Gas),0.5,0.22,11.787139
ID_58607_3,211211,NG (Natural Gas),0.5,0.22,11.787139
ID_58914_CG1,286671,NG (Natural Gas),7.2,3.18,11.937137
ID_377_9,254001,NG (Natural Gas),57.4,25.35,10.074303
ID_422_GT3,256181,NG (Natural Gas),60.5,26.72,10.997103
ID_422_GT4,256181,NG (Natural Gas),60.5,26.72,10.997103
ID_10175_1711,284741,NG (Natural Gas),3.5,1.55,12.284018
ID_50985_3165,216471,NG (Natural Gas),1.4,0.62,6.516842
ID_57702_1,261001,NG (Natural Gas),5.7,2.52,13.462283
ID_56232_1,284741,NG (Natural Gas),53.0,23.41,10.340789000000001
ID_56239_GT1,232301,NG (Natural Gas),60.5,26.72,10.245313
ID_56239_GT2,232301,NG (Natural Gas),60.5,26.72,10.245313
ID_56346_ICE1,284011,NG (Natural Gas),1.2,0.53,24.111
ID_56346_ICE2,284011,NG (Natural Gas),1.2,0.53,24.111
ID_56346_ICE3,284011,NG (Natural Gas),1.2,0.53,24.111
ID_56346_ICE4,284011,NG (Natural Gas),1.2,0.53,24.111
ID_56346_ICE5,284011,NG (Natural Gas),1.2,0.53,24.111
ID_56346_ICE6,284011,NG (Natural Gas),1.2,0.53,24.111
ID_56346_ICE7,284011,NG (Natural Gas),1.2,0.53,24.111
ID_59458_WTG1,284741,NG (Natural Gas),4.6,2.03,10.352445
ID_56135_1,230541,NG (Natural Gas),60.5,26.72,11.518604
ID_56135_2,230541,NG (Natural Gas),60.5,26.72,11.518604
ID_56143_1,284011,NG (Natural Gas),50.0,22.08,10.559471
ID_56143_2,284011,NG (Natural Gas),50.0,22.08,10.559471
ID_58223_1,280781,NG (Natural Gas),1.5,0.66,11.373336
ID_58223_2,280781,NG (Natural Gas),1.5,0.66,11.373336
ID_58223_3,280781,NG (Natural Gas),1.5,0.66,11.373336
ID_56472_1,284011,NG (Natural Gas),49.8,22.0,10.087632
ID_56473_1,284011,NG (Natural Gas),49.8,22.0,10.168761
ID_56474_1,257301,NG (Natural Gas),49.8,22.0,10.145492
ID_56475_1,256751,NG (Natural Gas),49.8,22.0,10.093688
ID_58619_1,211211,NG (Natural Gas),0.5,0.22,11.811069
ID_58619_2,211211,NG (Natural Gas),0.5,0.22,11.811069
ID_59456_PTG4,284741,NG (Natural Gas),4.6,2.03,10.778238
ID_10042_KDHT1,232301,NG (Natural Gas),3.5,1.55,16.612646
ID_56569_1,286671,NG (Natural Gas),60.5,26.72,12.058215
ID_56569_2,286671,NG (Natural Gas),60.5,26.72,12.058215
ID_57580_CG1,201361,NG (Natural Gas),2.1,0.93,9.303953
ID_57580_CG2,201361,NG (Natural Gas),2.1,0.93,9.303953
ID_56232_2,284741,NG (Natural Gas),53.0,23.41,10.340789000000001
ID_56639_1,230601,NG (Natural Gas),69.9,30.87,10.930964
ID_56639_2,230601,NG (Natural Gas),69.9,30.87,10.930964
ID_56803_1,230601,NG (Natural Gas),108.0,47.7,9.163411
ID_56803_2,230601,NG (Natural Gas),108.0,47.7,9.163411
ID_56803_3,230601,NG (Natural Gas),108.0,47.7,9.163411
ID_56803_4,230601,NG (Natural Gas),108.0,47.7,9.163411
ID_246_IC1,200001,NG (Natural Gas),16.7,7.38,9.103361999999999
ID_246_IC10,200001,NG (Natural Gas),16.7,7.38,9.103361999999999
ID_246_IC2,200001,NG (Natural Gas),16.7,7.38,9.103361999999999
ID_246_IC4,200001,NG (Natural Gas),16.7,7.38,9.103361999999999
ID_246_IC5,200001,NG (Natural Gas),16.7,7.38,9.103361999999999
ID_246_IC6,200001,NG (Natural Gas),16.7,7.38,9.103361999999999
ID_246_IC7,200001,NG (Natural Gas),16.7,7.38,9.103361999999999
ID_246_IC8,200001,NG (Natural Gas),16.7,7.38,9.103361999999999
ID_246_IC9,200001,NG (Natural Gas),16.7,7.38,9.103361999999999
ID_56914_CTG1,283651,NG (Natural Gas),59.0,26.06,10.827709
ID_56914_CTG2,283651,NG (Natural Gas),59.0,26.06,10.827709
ID_57001_GEN1,285491,NG (Natural Gas),49.9,22.04,11.047030000000001
ID_57977_ENG1,300011,NG (Natural Gas),3.0,1.33,10.617412
ID_57977_ENG2,300011,NG (Natural Gas),3.0,1.33,10.617412
ID_58169_1,281221,NG (Natural Gas),4.6,2.03,10.942590000000001
ID_246_IC3,200001,NG (Natural Gas),16.7,7.38,9.103361999999999
ID_7266_3A,230601,NG (Natural Gas),8.4,3.71,6.646591
ID_7266_3B,230601,NG (Natural Gas),8.4,3.71,6.646591
ID_7266_3C,230601,NG (Natural Gas),8.4,3.71,6.646591
ID_7266_3D,230601,NG (Natural Gas),8.4,3.71,6.646591
ID_7266_3E,230601,NG (Natural Gas),8.4,3.71,6.646591
ID_7266_3F,230601,NG (Natural Gas),8.4,3.71,6.646591
ID_56143_3,284011,NG (Natural Gas),48.0,21.2,10.559471
ID_56143_4,284011,NG (Natural Gas),48.0,21.2,10.559471
ID_57027_CPP1,281221,NG (Natural Gas),50.0,22.08,10.358599
ID_57027_CPP2,281221,NG (Natural Gas),50.0,22.08,10.358599
ID_57027_CPP3,281221,NG (Natural Gas),50.0,22.08,10.358599
ID_57027_CPP4,281221,NG (Natural Gas),50.0,22.08,10.358599
ID_7315_2,230601,NG (Natural Gas),58.0,25.62,10.776375
ID_7315_3,230601,NG (Natural Gas),58.0,25.62,10.776375
ID_7315_4,230601,NG (Natural Gas),58.0,25.62,10.776375
ID_56090_D190,281221,NG (Natural Gas),0.3,0.13,15.236403000000001
ID_56471_1,258301,NG (Natural Gas),49.8,22.0,9.919986999999999
ID_57483_CTG1,230541,NG (Natural Gas),49.9,22.04,10.569690000000001
ID_57483_CTG2,230541,NG (Natural Gas),49.9,22.04,10.569690000000001
ID_57483_CTG3,230541,NG (Natural Gas),49.9,22.04,10.569690000000001
ID_57483_CTG4,230541,NG (Natural Gas),49.9,22.04,10.569690000000001
ID_58432_COG1,258301,NG (Natural Gas),4.4,1.94,8.652852999999999
ID_58432_COG2,258301,NG (Natural Gas),4.4,1.94,8.652852999999999
ID_400_11,261001,NG (Natural Gas),108.2,47.79,8.07037
ID_400_12,261001,NG (Natural Gas),108.2,47.79,8.07037
ID_400_13,261001,NG (Natural Gas),108.2,47.79,8.07037
ID_400_14,261001,NG (Natural Gas),108.2,47.79,8.07037
ID_400_15,261001,NG (Natural Gas),108.2,47.79,8.07037
ID_400_16,261001,NG (Natural Gas),108.2,47.79,8.07037
ID_57267_1,216471,NG (Natural Gas),207.0,91.43,12.804229
ID_57267_2,216471,NG (Natural Gas),207.0,91.43,12.804229
ID_57267_3,216471,NG (Natural Gas),207.0,91.43,12.804229
ID_57267_4,216471,NG (Natural Gas),207.0,91.43,12.804229
ID_57482_CTG1,286671,NG (Natural Gas),100.0,44.17,9.862557
ID_57482_CTG2,286671,NG (Natural Gas),100.0,44.17,9.862557
ID_57482_CTG3,286671,NG (Natural Gas),100.0,44.17,9.862557
ID_57482_CTG4,286671,NG (Natural Gas),100.0,44.17,9.862557
ID_57482_CTG5,286671,NG (Natural Gas),100.0,44.17,9.862557
ID_57482_CTG6,286671,NG (Natural Gas),100.0,44.17,9.862557
ID_57482_CTG7,286671,NG (Natural Gas),100.0,44.17,9.862557
ID_57482_CTG8,286671,NG (Natural Gas),100.0,44.17,9.862557
ID_57515_GT1,257141,NG (Natural Gas),100.0,44.17,9.707165000000002
ID_57515_GT2,257141,NG (Natural Gas),100.0,44.17,9.707165000000002
ID_57515_GT3,257141,NG (Natural Gas),100.0,44.17,9.707165000000002
ID_57515_GT4,257141,NG (Natural Gas),100.0,44.17,9.707165000000002
ID_57515_GT5,257141,NG (Natural Gas),100.0,44.17,9.707165000000002
ID_58122_GEN1,232301,NG (Natural Gas),48.5,21.42,11.260151
ID_58432_COG3,258301,NG (Natural Gas),4.4,1.94,8.652852999999999
ID_59457_QTG1,284741,NG (Natural Gas),4.6,2.03,10.435378
ID_55538_CTG1,283651,NG (Natural Gas),49.9,22.04,10.145551
ID_58914_CG100,286671,NG (Natural Gas),4.6,2.03,11.937137
ID_58914_CG200,286671,NG (Natural Gas),4.6,2.03,11.937137
ID_50064_003,233771,NG (Natural Gas),4.4,1.94,12.062358
ID_50674_GEN1A,286671,NG (Natural Gas),1.2,0.53,8.539368
ID_58258_GEN1,254031,NG (Natural Gas),4.6,2.03,11.088324
ID_58258_GEN2,254031,NG (Natural Gas),4.6,2.03,11.088324
ID_59456_PTG5,284741,NG (Natural Gas),4.6,2.03,10.778238
ID_404_2,253851,NG (Natural Gas),163.2,72.09,11.985524999999999
ID_271_5,216471,NG (Natural Gas),326.4,144.17,12.501650999999999
ID_271_6,216471,NG (Natural Gas),326.4,144.17,12.501650999999999
ID_315_3,261001,NG (Natural Gas),310.0,136.93,11.862572
ID_315_4,261001,NG (Natural Gas),310.0,136.93,11.862572
ID_400_1,261001,NG (Natural Gas),230.0,101.59,8.07037
ID_400_2,261001,NG (Natural Gas),230.0,101.59,8.07037
ID_315_5,261001,NG (Natural Gas),495.0,218.64,11.862572
ID_6013_O2,252891,NG (Natural Gas),59.7,26.37,8.037
ID_315_6,261001,NG (Natural Gas),495.0,218.64,11.862572
ID_356_7,253851,NG (Natural Gas),495.0,218.64,12.070774
ID_356_8,253851,NG (Natural Gas),495.0,218.64,12.070774
ID_389_4,400011,NG (Natural Gas),81.6,36.04,8.425130999999999
ID_350_1,258301,NG (Natural Gas),806.0,356.01,11.290652
ID_271_7,216471,NG (Natural Gas),751.1,331.76,12.501650999999999
ID_350_2,258301,NG (Natural Gas),806.0,356.01,11.290652
ID_54451_G1,253751,NG (Natural Gas),10.0,4.42,7.517816
ID_6211_GEN2,211651,OIL,74.5,26.16,14.395806
ID_6211_GEN3,211651,OIL,74.5,26.16,14.395806
ID_151_1,230601,OIL,71.2,25.01,17.92936
ID_50024_50MW,233771,OIL,55.3,19.42,17.685393
ID_6704_15,253751,OIL,2.8,0.98,12.76507
ID_58085_CATR1,261161,OIL,0.5,0.18,9.96
ID_58053_OG1,232301,OIL,1.3,0.46,10.545455
ID_58085_CATR2,261161,OIL,1.0,0.35,9.96
ID_6518_KB1,300011,OIL,2.5,0.88,10.706826999999999
ID_6518_KB2,300011,OIL,2.5,0.88,10.706826999999999
ID_6518_KB3,300011,OIL,2.5,0.88,10.706826999999999
ID_6518_KB4,300011,OIL,2.5,0.88,10.706826999999999
ID_6518_KB5,300011,OIL,2.5,0.88,10.706826999999999
ID_6518_KB6,300011,OIL,2.5,0.88,10.706826999999999
ID_58593_BS1,201361,OIL,0.6,0.21,10.0
ID_58593_EM1,201361,OIL,0.4,0.14,10.0
ID_6704_MT01,253751,OIL,0.1,0.04,12.76507
ID_6704_MT02,253751,OIL,0.1,0.04,12.76507
ID_6704_MT03,253751,OIL,0.1,0.04,12.76507
ID_6704_MT04,253751,OIL,0.1,0.04,12.76507
ID_6704_MT05,253751,OIL,0.1,0.04,12.76507
ID_6704_MT06,253751,OIL,0.1,0.04,12.76507
ID_6704_MT07,253751,OIL,0.1,0.04,12.76507
ID_6704_MT08,253751,OIL,0.1,0.04,12.76507
ID_6704_MT09,253751,OIL,0.1,0.04,12.76507
ID_6704_MT10,253751,OIL,0.1,0.04,12.76507
ID_6704_MT11,253751,OIL,0.1,0.04,12.76507
ID_6704_MT14,253751,OIL,0.1,0.04,12.76507
ID_6704_MT15,253751,OIL,0.1,0.04,12.76507
ID_6704_MT16,253751,OIL,0.1,0.04,12.76507
ID_6704_MT17,253751,OIL,0.1,0.04,12.76507
ID_6704_MT18,253751,OIL,0.1,0.04,12.76507
ID_6704_MT19,253751,OIL,0.1,0.04,12.76507
ID_6704_MT20,253751,OIL,0.1,0.04,12.76507
ID_6704_MT21,253751,OIL,0.1,0.04,12.76507
ID_6704_MT22,253751,OIL,0.1,0.04,12.76507
ID_6704_MT23,253751,OIL,0.1,0.04,12.76507
ID_6704_MT24,253751,OIL,0.1,0.04,12.76507
ID_6704_MT25,253751,OIL,0.1,0.04,12.76507
ID_59074_EG1A,233771,OIL,2.2,0.77,10.926829
ID_59074_EG1B,233771,OIL,2.2,0.77,10.926829
ID_59074_EG2A,233771,OIL,2.2,0.77,10.926829
ID_59074_EG2B,233771,OIL,2.2,0.77,10.926829
ID_59074_EG3A,233771,OIL,2.2,0.77,10.926829
ID_59074_EG3B,233771,OIL,2.2,0.77,10.926829
ID_59074_EG4A,233771,OIL,2.2,0.77,10.926829
ID_59074_EG4B,233771,OIL,2.2,0.77,10.926829
ID_59074_EG5A,233771,OIL,2.2,0.77,10.926829
ID_59074_EG5B,233771,OIL,2.2,0.77,10.926829
ID_59074_EG6A,233771,OIL,2.2,0.77,10.926829
ID_59074_EG6B,233771,OIL,2.2,0.77,10.926829
ID_59074_EG7A,233771,OIL,2.2,0.77,10.926829
ID_59074_EG7B,233771,OIL,2.2,0.77,10.926829
ID_59074_EG8A,233771,OIL,2.2,0.77,10.926829
ID_59074_EG8B,233771,OIL,2.2,0.77,10.926829
ID_59074_EG10B,233771,OIL,2.3,0.81,10.926829
ID_59074_EG11A,233771,OIL,2.3,0.81,10.926829
ID_59074_EG11B,233771,OIL,2.3,0.81,10.926829
ID_59074_EG12A,233771,OIL,2.3,0.81,10.926829
ID_59074_EG12B,233771,OIL,2.3,0.81,10.926829
ID_59074_EG13A,233771,OIL,2.3,0.81,10.926829
ID_59074_EG14A,233771,OIL,2.3,0.81,10.926829
ID_59074_EG9B,233771,OIL,2.3,0.81,10.926829
ID_59074_EG15A,233771,OIL,2.3,0.81,10.926829
ID_59074_EG15B,233771,OIL,2.3,0.81,10.926829
ID_59074_EG16A,233771,OIL,2.3,0.81,10.926829
ID_59074_EG16B,233771,OIL,2.3,0.81,10.926829
ID_59074_EG9A,233771,OIL,2.3,0.81,10.926829
ID_50388_GEN1,211651,OIL,27.3,9.59,9.0
ID_56530_GEN3,605141,BIO,0.8,0.27,12.267566
ID_56530_GEN4,605141,BIO,0.8,0.27,12.267566
ID_59143_FR1,601941,BIO,3.2,1.1,12.533563000000001
ID_58574_01,601941,BIO,11.3,3.87,25.644231
ID_470_3,606631,BIT (Bituminous Coal),856.8,386.93,10.604130999999999
ID_470_1,606631,BIT (Bituminous Coal),382.5,172.74,10.604130999999999
ID_492_7,606631,BIT (Bituminous Coal),132.0,59.61,11.454834
ID_470_2,606631,BIT (Bituminous Coal),396.0,178.83,10.604130999999999
ID_525_2,701551,BIT (Bituminous Coal),275.4,124.37,10.849129000000001
ID_6021_2,701551,BIT (Bituminous Coal),446.4,201.59,10.162569
ID_6021_1,701551,BIT (Bituminous Coal),446.4,201.59,10.162569
ID_8219_1,606631,BIT (Bituminous Coal),207.0,93.48,10.380308999999999
ID_6248_1,605141,BIT (Bituminous Coal),552.3,249.42,10.798969999999999
ID_6021_3,701551,BIT (Bituminous Coal),534.8,241.52,10.162569
ID_6761_1,601941,BIT (Bituminous Coal),293.6,132.59,10.117040000000001
ID_527_ST4,600001,BIT (Bituminous Coal),79.3,35.81,12.386370000000001
ID_58081_ATB2,605141,BIT (Bituminous Coal),3.0,1.35,11.373522999999999
ID_527_1,600001,BIT (Bituminous Coal),11.5,5.19,12.386370000000001
ID_527_2,600001,BIT (Bituminous Coal),11.5,5.19,12.386370000000001
ID_527_3,600001,BIT (Bituminous Coal),11.5,5.19,12.386370000000001
ID_525_1,701551,BIT (Bituminous Coal),190.0,85.8,10.849129000000001
ID_469_4,605141,BIT (Bituminous Coal),380.8,171.97,10.027411
ID_492_6,606631,BIT (Bituminous Coal),75.0,33.87,11.454834
ID_50707_LMB,601941,NG (Natural Gas),58.5,25.84,6.5
ID_50707_LMC,601941,NG (Natural Gas),58.5,25.84,6.5
ID_50707_LMD,601941,NG (Natural Gas),58.5,25.84,6.5
ID_50707_LME,601941,NG (Natural Gas),58.5,25.84,6.5
ID_50707_STA,601941,NG (Natural Gas),52.2,23.06,6.5
ID_50707_STB,601941,NG (Natural Gas),52.2,23.06,6.5
ID_6112_2,601941,NG (Natural Gas),175.1,77.34,7.91464
ID_6112_1,601941,NG (Natural Gas),342.6,151.33,7.91464
ID_6112_3,601941,NG (Natural Gas),175.1,77.34,7.91464
ID_10682_GT5,605141,NG (Natural Gas),23.8,10.51,11.670378000000001
ID_55200_UN5,605141,NG (Natural Gas),71.1,31.4,6.903974
ID_55200_UN6,605141,NG (Natural Gas),71.1,31.4,6.903974
ID_6112_4,601941,NG (Natural Gas),175.1,77.34,7.91464
ID_10682_ST4,605141,NG (Natural Gas),90.0,39.75,11.670378000000001
ID_55200_UN7,605141,NG (Natural Gas),51.8,22.88,6.903974
ID_55283_1,606631,NG (Natural Gas),154.0,68.02,6.5
ID_55283_2,606631,NG (Natural Gas),154.0,68.02,6.5
ID_55283_3,606631,NG (Natural Gas),233.0,102.92,6.5
ID_55835_CTG1,605141,NG (Natural Gas),175.1,77.34,6.915584
ID_55835_CTG2,605141,NG (Natural Gas),175.1,77.34,6.915584
ID_55835_STG1,605141,NG (Natural Gas),334.9,147.93,6.915584
ID_56998_4,606631,NG (Natural Gas),40.0,17.67,6.553765
ID_56998_43,606631,NG (Natural Gas),20.0,8.83,6.553765
ID_56998_5,606631,NG (Natural Gas),40.0,17.67,6.553765
ID_56998_53,606631,NG (Natural Gas),20.0,8.83,6.553765
ID_56998_6,606631,NG (Natural Gas),40.0,17.67,6.553765
ID_56998_7,606631,NG (Natural Gas),40.0,17.67,6.553765
ID_469_5,605141,NG (Natural Gas),185.3,81.85,8.083844000000001
ID_469_6,605141,NG (Natural Gas),185.3,81.85,8.083844000000001
ID_469_7,605141,NG (Natural Gas),255.0,112.63,8.083844000000001
ID_55453_S3,606631,NG (Natural Gas),38.0,16.78,10.934897999999999
ID_55453_S4,606631,NG (Natural Gas),38.0,16.78,10.934897999999999
ID_55453_S5,606631,NG (Natural Gas),38.0,16.78,10.934897999999999
ID_55453_S6,606631,NG (Natural Gas),38.0,16.78,10.934897999999999
ID_6761_A,601941,NG (Natural Gas),89.3,39.44,11.163053
ID_6761_B,601941,NG (Natural Gas),89.3,39.44,11.163053
ID_6761_C,601941,NG (Natural Gas),89.3,39.44,11.163053
ID_55504_L1,605141,NG (Natural Gas),77.1,34.06,11.902459
ID_55504_L2,605141,NG (Natural Gas),77.1,34.06,11.902459
ID_55505_BR1,605141,NG (Natural Gas),77.1,34.06,10.948891
ID_55505_BR2,605141,NG (Natural Gas),77.1,34.06,10.948891
ID_55650_GE11,601941,NG (Natural Gas),5.7,2.52,10.612630999999999
ID_55650_GE12,601941,NG (Natural Gas),5.7,2.52,10.612630999999999
ID_55650_GE13,601941,NG (Natural Gas),5.7,2.52,10.612630999999999
ID_55650_GE14,601941,NG (Natural Gas),5.7,2.52,10.612630999999999
ID_55650_GE15,601941,NG (Natural Gas),5.7,2.52,10.612630999999999
ID_55650_GE16,601941,NG (Natural Gas),5.7,2.52,10.612630999999999
ID_55650_GE17,601941,NG (Natural Gas),5.7,2.52,10.612630999999999
ID_55650_GE18,601941,NG (Natural Gas),5.7,2.52,10.612630999999999
ID_55650_GE19,601941,NG (Natural Gas),5.7,2.52,10.612630999999999
ID_55650_GE20,601941,NG (Natural Gas),5.7,2.52,10.612630999999999
ID_55650_GEN1,601941,NG (Natural Gas),5.7,2.52,10.612630999999999
ID_55650_GEN2,601941,NG (Natural Gas),5.7,2.52,10.612630999999999
ID_55650_GEN3,601941,NG (Natural Gas),5.7,2.52,10.612630999999999
ID_55650_GEN4,601941,NG (Natural Gas),5.7,2.52,10.612630999999999
ID_55650_GEN5,601941,NG (Natural Gas),5.7,2.52,10.612630999999999
ID_55650_GEN6,601941,NG (Natural Gas),5.7,2.52,10.612630999999999
ID_55650_GEN7,601941,NG (Natural Gas),5.7,2.52,10.612630999999999
ID_55650_GEN8,601941,NG (Natural Gas),5.7,2.52,10.612630999999999
ID_55650_GEN9,601941,NG (Natural Gas),5.7,2.52,10.612630999999999
ID_55645_CT01,605141,NG (Natural Gas),198.9,87.85,11.372502
ID_55645_CT02,605141,NG (Natural Gas),198.9,87.85,11.372502
ID_6761_D,601941,NG (Natural Gas),89.3,39.44,11.163053
ID_56445_GEN1,601941,NG (Natural Gas),197.0,87.01,10.887969
ID_56445_GEN2,601941,NG (Natural Gas),197.0,87.01,10.887969
ID_6761_F,601941,NG (Natural Gas),149.6,66.08,11.163053
ID_56516_2G01,601941,NG (Natural Gas),8.4,3.71,9.552925
ID_56516_2G02,601941,NG (Natural Gas),8.4,3.71,9.552925
ID_56516_2G03,601941,NG (Natural Gas),8.4,3.71,9.552925
ID_56516_2G04,601941,NG (Natural Gas),8.4,3.71,9.552925
ID_56516_2G05,601941,NG (Natural Gas),8.4,3.71,9.552925
ID_56516_2G06,601941,NG (Natural Gas),8.4,3.71,9.552925
ID_56516_2G07,601941,NG (Natural Gas),8.4,3.71,9.552925
ID_56516_2G08,601941,NG (Natural Gas),8.4,3.71,9.552925
ID_56516_2G09,601941,NG (Natural Gas),8.4,3.71,9.552925
ID_56516_2G10,601941,NG (Natural Gas),8.4,3.71,9.552925
ID_56516_2G11,601941,NG (Natural Gas),8.4,3.71,9.552925
ID_56516_2G12,601941,NG (Natural Gas),8.4,3.71,9.552925
ID_56516_2G13,601941,NG (Natural Gas),8.4,3.71,9.552925
ID_56516_2G14,601941,NG (Natural Gas),8.4,3.71,9.552925
ID_6112_5,601941,NG (Natural Gas),140.3,61.97,7.91464
ID_6112_6,601941,NG (Natural Gas),140.3,61.97,7.91464
ID_56998_GT1,606631,NG (Natural Gas),100.0,44.17,6.553765
ID_56998_GT2,606631,NG (Natural Gas),100.0,44.17,6.553765
ID_493_1,606631,NG (Natural Gas),17.3,7.64,15.92243
ID_493_2,606631,NG (Natural Gas),18.8,8.3,15.92243
ID_493_3,606631,NG (Natural Gas),23.5,10.38,15.92243
ID_6619_1,605141,OIL,64.7,22.72,12.646884
ID_6619_2,605141,OIL,64.7,22.72,12.646884
ID_511_5,605771,OIL,1.8,0.63,9.396505999999999
ID_511_6,605771,OIL,1.8,0.63,9.396505999999999
ID_511_7,605771,OIL,1.8,0.63,9.396505999999999
ID_7995_IC1,606631,OIL,2.5,0.88,9.96
ID_7995_IC2,606631,OIL,2.5,0.88,9.96
ID_7995_IC3,606631,OIL,2.5,0.88,9.96
ID_7995_IC4,606631,OIL,2.5,0.88,9.96
ID_502_CAT,606631,OIL,1.8,0.63,13.227272999999999
ID_57861_UNT2,740011,BIO,1.5,0.51,10.63302
ID_57344_GS2,500071,BIO,0.8,0.27,9.0
ID_57344_GS3,500071,BIO,0.8,0.27,9.0
ID_57343_1,741041,BIO,1.1,0.38,10.057752
ID_57343_2,741041,BIO,1.1,0.38,10.057752
ID_57393_GEN1,741041,BIO,0.8,0.27,12.066895
ID_57393_GEN2,741041,BIO,0.8,0.27,12.066895
ID_57345_1,700001,BIO,0.9,0.31,11.605298000000001
ID_57345_2,700001,BIO,0.9,0.31,11.605298000000001
ID_57425_1,741041,BIO,1.5,0.51,11.373343
ID_57425_2,741041,BIO,1.5,0.51,11.373343
ID_57425_3,741041,BIO,1.5,0.51,11.373343
ID_57902_G123,106771,BIO,1.6,0.55,11.176772000000001
ID_57902_G162,106771,BIO,1.6,0.55,11.176772000000001
ID_58142_CHP1,741041,BIO,1.6,0.55,12.909597
ID_58142_CHP2,741041,BIO,1.6,0.55,12.909597
ID_58967_UNIT1,741041,BIO,0.8,0.27,13.5
ID_58967_UNIT2,741041,BIO,0.8,0.27,13.5
ID_58967_UNIT3,741041,BIO,0.8,0.27,13.5
ID_58968_UNIT1,741041,BIO,1.5,0.51,13.5
ID_58968_UNIT2,741041,BIO,1.5,0.51,13.5
ID_58968_UNIT3,741041,BIO,1.5,0.51,13.5
ID_58969_UNIT1,741041,BIO,0.8,0.27,13.5
ID_58969_UNIT2,741041,BIO,0.8,0.27,13.5
ID_58970_UNIT1,741041,BIO,1.1,0.38,13.5
ID_58970_UNIT2,741041,BIO,1.1,0.38,13.5
ID_58970_UNIT3,741041,BIO,1.1,0.38,13.5
ID_59529_GEN1,501961,BIO,1.6,0.55,10.807164
ID_55179_CTG1,106771,NG (Natural Gas),179.4,79.24,6.5
ID_55179_STG1,106771,NG (Natural Gas),122.1,53.93,6.5
ID_57028_GTG,740011,NG (Natural Gas),187.0,82.6,6.950274
ID_57028_STG,740011,NG (Natural Gas),131.5,58.08,6.950274
ID_7456_2,106771,NG (Natural Gas),83.2,36.75,12.169584
ID_7953_3,741041,NG (Natural Gas),45.9,20.27,10.224782
ID_55733_1,741041,NG (Natural Gas),172.8,76.33,10.424633
ID_7953_1,741041,NG (Natural Gas),179.1,79.11,10.224782
ID_817_1,741321,OIL,2.5,0.88,9.0
ID_817_2,741321,OIL,2.5,0.88,9.0
ID_58523_STL2,771731,BIO,3.8,1.3,25.883229
ID_6076_3,772611,BIT (Bituminous Coal),778.0,351.34,10.683544
ID_6076_4,772611,BIT (Bituminous Coal),778.0,351.34,10.683544
ID_10784_GEN1,772611,BIT (Bituminous Coal),46.1,20.82,13.58846
ID_55749_UNT1,772611,BIT (Bituminous Coal),115.7,52.25,12.349112
ID_55866_3,741321,NG (Natural Gas),6.1,2.69,9.401755
ID_55866_4,741321,NG (Natural Gas),6.1,2.69,9.401755
ID_55866_5,741321,NG (Natural Gas),6.1,2.69,9.401755
ID_55866_6,741321,NG (Natural Gas),6.1,2.69,9.401755
ID_55866_7,741321,NG (Natural Gas),6.1,2.69,9.401755
ID_55866_8,741321,NG (Natural Gas),6.1,2.69,9.401755
ID_55866_9,741321,NG (Natural Gas),6.1,2.69,9.401755
ID_56606_01,770011,NG (Natural Gas),91.0,40.19,9.611642
ID_56908_1,741321,NG (Natural Gas),67.7,29.9,11.796346999999999
ID_56908_2,741321,NG (Natural Gas),67.7,29.9,11.796346999999999
ID_56908_3,741321,NG (Natural Gas),67.7,29.9,11.796346999999999
ID_56496_3701,700161,NG (Natural Gas),1.6,0.71,8.037
ID_57166_GEN1,300011,BIO,1.6,0.55,10.993267
ID_57166_GEN2,300011,BIO,1.6,0.55,10.993267
ID_8224_1,741041,BIT (Bituminous Coal),277.2,125.18,11.517671
ID_8224_2,741041,BIT (Bituminous Coal),289.8,130.87,11.517671
ID_56224_001,741041,BIT (Bituminous Coal),242.0,109.29,10.743804
ID_54349_STM,302201,NG (Natural Gas),29.7,13.12,6.5
ID_54350_STM,303741,NG (Natural Gas),29.7,13.12,6.5
ID_2322_9,302071,NG (Natural Gas),104.4,46.11,8.225179
ID_2322_10,302071,NG (Natural Gas),104.4,46.11,8.225179
ID_2336_4,300011,NG (Natural Gas),69.7,30.79,9.810763999999999
ID_10761_GEN1,302211,NG (Natural Gas),49.8,22.0,6.5
ID_2336_5,300011,NG (Natural Gas),50.2,22.17,9.810763999999999
ID_55077_ED01,302071,NG (Natural Gas),170.0,75.09,6.5
ID_55077_ED02,302071,NG (Natural Gas),170.0,75.09,6.5
ID_55077_ED03,302071,NG (Natural Gas),196.0,86.57,6.5
ID_10761_GEN3,302211,NG (Natural Gas),60.5,26.72,6.5
ID_10761_GEN4,302211,NG (Natural Gas),60.5,26.72,6.5
ID_10761_GEN5,302211,NG (Natural Gas),60.5,26.72,6.5
ID_10761_GEN6,302211,NG (Natural Gas),60.5,26.72,6.5
ID_10761_GEN7,302211,NG (Natural Gas),27.8,12.28,6.5
ID_10761_GEN8,302211,NG (Natural Gas),27.8,12.28,6.5
ID_55514_CTG1,303741,NG (Natural Gas),174.0,76.86,6.5
ID_55514_CTG2,303741,NG (Natural Gas),174.0,76.86,6.5
ID_55514_STG1,303741,NG (Natural Gas),252.6,111.57,6.5
ID_55687_A01,302071,NG (Natural Gas),178.0,78.62,6.502773
ID_55687_A02,302071,NG (Natural Gas),178.0,78.62,6.502773
ID_55687_ST1,302071,NG (Natural Gas),332.4,146.82,6.502773
ID_55841_CT1,303741,NG (Natural Gas),197.2,87.1,6.5
ID_55841_CT2,303741,NG (Natural Gas),197.2,87.1,6.5
ID_55841_ST1,303741,NG (Natural Gas),270.3,119.39,6.5
ID_55322_CTG1,303741,NG (Natural Gas),201.5,89.0,6.5
ID_55322_CTG2,303741,NG (Natural Gas),201.5,89.0,6.5
ID_55322_CTG3,303741,NG (Natural Gas),201.5,89.0,6.5
ID_55322_CTG4,303741,NG (Natural Gas),201.5,89.0,6.5
ID_55322_ST1,303741,NG (Natural Gas),329.8,145.67,6.5
ID_55322_ST2,303741,NG (Natural Gas),329.8,145.67,6.5
ID_2336_10,300011,NG (Natural Gas),312.0,137.81,9.810763999999999
ID_2336_8,300011,NG (Natural Gas),155.6,68.73,9.810763999999999
ID_2336_9,300011,NG (Natural Gas),155.6,68.73,9.810763999999999
ID_7082_5,303741,NG (Natural Gas),167.5,73.98,7.544017
ID_7082_6,303741,NG (Natural Gas),167.5,73.98,7.544017
ID_7082_7,303741,NG (Natural Gas),223.5,98.72,7.544017
ID_7082_GT1,303741,NG (Natural Gas),101.5,44.83,7.544017
ID_55494_CT3,300011,NG (Natural Gas),64.0,28.27,8.037
ID_55494_CT4,300011,NG (Natural Gas),64.0,28.27,8.037
ID_55494_CT5,300011,NG (Natural Gas),62.0,27.39,8.037
ID_55494_CT6,300011,NG (Natural Gas),62.0,27.39,8.037
ID_56500_B102,300011,NG (Natural Gas),8.4,3.71,8.873644
ID_56500_B202,300011,NG (Natural Gas),8.4,3.71,8.873644
ID_56500_C102,300011,NG (Natural Gas),8.4,3.71,8.873644
ID_56500_C202,300011,NG (Natural Gas),8.4,3.71,8.873644
ID_56500_D101,300011,NG (Natural Gas),8.4,3.71,8.873644
ID_56500_E102,300011,NG (Natural Gas),8.4,3.71,8.873644
ID_56500_E202,300011,NG (Natural Gas),8.4,3.71,8.873644
ID_56500_F102,300011,NG (Natural Gas),8.4,3.71,8.873644
ID_56500_F202,300011,NG (Natural Gas),8.4,3.71,8.873644
ID_56500_G102,300011,NG (Natural Gas),8.4,3.71,8.873644
ID_56500_G202,300011,NG (Natural Gas),8.4,3.71,8.873644
ID_56500_H102,300011,NG (Natural Gas),8.4,3.71,8.873644
ID_56500_H202,300011,NG (Natural Gas),8.4,3.71,8.873644
ID_7082_GT4,303741,NG (Natural Gas),85.0,37.54,7.544017
ID_2322_11,302071,NG (Natural Gas),60.5,26.72,8.225179
ID_2322_12,302071,NG (Natural Gas),60.5,26.72,8.225179
ID_2322_13,302071,NG (Natural Gas),60.5,26.72,8.225179
ID_2322_14,302071,NG (Natural Gas),60.5,26.72,8.225179
ID_2322_15,302071,NG (Natural Gas),60.5,26.72,8.225179
ID_2322_16,302071,NG (Natural Gas),60.5,26.72,8.225179
ID_2322_17,302071,NG (Natural Gas),60.5,26.72,8.225179
ID_2322_18,302071,NG (Natural Gas),60.5,26.72,8.225179
ID_2322_19,302071,NG (Natural Gas),60.5,26.72,8.225179
ID_2322_20,302071,NG (Natural Gas),60.5,26.72,8.225179
ID_2322_21,302071,NG (Natural Gas),58.9,26.02,8.225179
ID_2322_22,302071,NG (Natural Gas),60.5,26.72,8.225179
ID_57348_UNITA,301461,NG (Natural Gas),4.3,1.9,11.103462
ID_57348_UNITB,301461,NG (Natural Gas),4.3,1.9,11.103462
ID_2330_1,300011,NG (Natural Gas),115.0,50.8,11.556861999999999
ID_2330_2,300011,NG (Natural Gas),115.0,50.8,11.556861999999999
ID_2336_3,300011,NG (Natural Gas),119.8,52.92,9.810763999999999
ID_6510_1,300011,OIL,2.0,0.7,9.96
ID_6510_2,300011,OIL,2.0,0.7,9.96
ID_6510_3,300011,OIL,2.0,0.7,9.96
ID_2442_5,532171,BIT (Bituminous Coal),818.1,369.45,9.755695
ID_2451_1,532171,BIT (Bituminous Coal),369.0,166.64,11.206158
ID_2451_4,532171,BIT (Bituminous Coal),555.0,250.64,11.206158
ID_87_1,406911,BIT (Bituminous Coal),257.0,116.06,10.952596999999999
ID_2442_4,532171,BIT (Bituminous Coal),818.1,369.45,9.755695
ID_55210_0001,800071,NG (Natural Gas),177.0,78.18,7.958618
ID_55977_STG1,532171,NG (Natural Gas),27.0,11.93,7.4576530000000005
ID_55343_CTG1,800071,NG (Natural Gas),175.0,77.3,6.5
ID_55343_CTG2,800071,NG (Natural Gas),175.0,77.3,6.5
ID_55343_STG1,800071,NG (Natural Gas),300.0,132.51,6.5
ID_55210_0002,800071,NG (Natural Gas),110.0,48.59,7.958618
ID_56458_GT1,530121,NG (Natural Gas),196.9,86.97,6.5
ID_56458_GT2,530121,NG (Natural Gas),196.9,86.97,6.5
ID_56458_ST3,530121,NG (Natural Gas),264.6,116.87,6.5
ID_2454_4,530121,NG (Natural Gas),126.9,56.05,11.20155
ID_55039_GT1,530001,NG (Natural Gas),150.0,66.26,11.902154000000001
ID_7967_GT2,408811,NG (Natural Gas),44.0,19.43,11.688587
ID_7975_1,800071,NG (Natural Gas),46.5,20.54,10.149214
ID_7975_2,800071,NG (Natural Gas),46.5,20.54,10.149214
ID_7975_3,800071,NG (Natural Gas),46.5,20.54,10.149214
ID_7975_4,800071,NG (Natural Gas),46.5,20.54,10.149214
ID_55802_CTG1,530121,NG (Natural Gas),159.5,70.45,12.043505
ID_57872_UNIT4,530121,NG (Natural Gas),9.3,4.11,9.478333000000001
ID_57872_UNIT5,530121,NG (Natural Gas),9.3,4.11,9.478333000000001
ID_2444_9,800071,NG (Natural Gas),106.0,46.82,10.463239999999999
ID_58284_0001,530121,NG (Natural Gas),42.3,18.68,9.788618
ID_2454_1,530121,NG (Natural Gas),75.0,33.13,11.20155
ID_2444_7,800071,NG (Natural Gas),50.0,22.08,10.463239999999999
ID_2450_1,530001,NG (Natural Gas),44.0,19.43,13.719383
ID_2450_2,530001,NG (Natural Gas),44.0,19.43,13.719383
ID_2450_3,530001,NG (Natural Gas),66.0,29.15,13.719383
ID_2454_2,530121,NG (Natural Gas),190.4,84.1,11.20155
ID_2446_1,530121,NG (Natural Gas),113.6,50.18,12.754631999999999
ID_2444_8,800071,NG (Natural Gas),166.5,73.54,10.463239999999999
ID_54734_13,408811,OIL,3.0,1.05,12.0
ID_54734_14,408811,OIL,3.0,1.05,12.0
ID_54734_15,408811,OIL,3.1,1.09,12.0
ID_57476_M15G,532171,OIL,2.0,0.7,9.96
ID_58125_1,530001,OIL,27.0,9.48,17.844612
ID_10869_BBC,133661,BIO,10.0,3.43,18.680442
ID_10869_GE,133661,BIO,15.0,5.14,18.680442
ID_50630_GEN1,131751,BIO,13.1,4.49,19.108681
ID_50921_GEN1,134201,BIO,7.5,2.57,13.5
ID_50993_GEN1,130001,BIO,7.5,2.57,13.5
ID_7413_4,131751,BIO,0.8,0.27,12.944153
ID_7725_1,131751,BIO,0.8,0.27,10.966575
ID_7725_2,131751,BIO,0.8,0.27,10.966575
ID_7725_3,131751,BIO,0.8,0.27,10.966575
ID_7725_4,131751,BIO,1.6,0.55,10.966575
ID_7725_5,131751,BIO,1.6,0.55,10.966575
ID_56461_DC1,133661,BIO,1.6,0.55,11.417592
ID_56461_DC2,133661,BIO,1.6,0.55,11.417592
ID_58687_GEN1,135041,BIO,1.6,0.55,11.004636
ID_58687_GEN2,135041,BIO,1.6,0.55,11.004636
ID_58687_GEN3,135041,BIO,1.6,0.55,11.004636
ID_10869_GE2,133661,BIO,15.0,5.14,18.680442
ID_57015_GEN1,135041,BIO,0.8,0.27,11.565527
ID_57015_GEN2,135041,BIO,0.8,0.27,11.565527
ID_57015_GEN3,135041,BIO,0.8,0.27,11.565527
ID_57015_GEN4,135041,BIO,0.8,0.27,11.565527
ID_57015_GEN5,135041,BIO,0.8,0.27,11.565527
ID_57015_GEN6,135041,BIO,0.8,0.27,11.565527
ID_57015_GEN7,135041,BIO,0.8,0.27,11.565527
ID_57015_GEN8,135041,BIO,0.8,0.27,11.565527
ID_57019_GEN1,131751,BIO,0.8,0.27,12.429236000000001
ID_57019_GEN2,131751,BIO,0.8,0.27,12.429236000000001
ID_57019_GEN3,131751,BIO,0.8,0.27,12.429236000000001
ID_57019_GEN4,131751,BIO,0.8,0.27,12.429236000000001
ID_57019_GEN5,131751,BIO,0.8,0.27,12.429236000000001
ID_57019_GEN6,131751,BIO,0.8,0.27,12.429236000000001
ID_57457_1,131751,BIO,19.8,6.79,9.956665000000001
ID_57911_1,130001,BIO,1.6,0.55,10.120742
ID_59704_JCBIO,131751,BIO,1.6,0.55,11.032047
ID_58382_GEN1,135041,BIO,1.6,0.55,11.021401
ID_58382_GEN2,135041,BIO,1.6,0.55,11.021401
ID_58382_GEN3,135041,BIO,1.6,0.55,11.021401
ID_58591_GEN1,131751,BIO,1.0,0.34,13.231311
ID_57015_GEN10,135041,BIO,1.6,0.55,11.565527
ID_57015_GEN11,135041,BIO,1.6,0.55,11.565527
ID_57015_GEN12,135041,BIO,1.6,0.55,11.565527
ID_57015_GEN9,135041,BIO,1.6,0.55,11.565527
ID_60263_GEN1,131751,BIO,0.8,0.27,10.531233
ID_60263_GEN2,131751,BIO,0.8,0.27,10.531233
ID_8073_5,100331,NG (Natural Gas),68.3,30.17,8.483665
ID_8073_6,100331,NG (Natural Gas),68.3,30.17,8.483665
ID_8073_7,100331,NG (Natural Gas),176.4,77.92,8.483665
ID_7350_1,135041,NG (Natural Gas),185.7,82.02,6.5
ID_7350_2,135041,NG (Natural Gas),80.6,35.6,6.5
ID_54761_GEN1,106001,NG (Natural Gas),106.1,46.86,6.5
ID_54761_GEN2,106001,NG (Natural Gas),204.5,90.33,6.5
ID_54761_GEN3,106001,NG (Natural Gas),106.1,46.86,6.5
ID_54761_GEN4,106001,NG (Natural Gas),204.5,90.33,6.5
ID_55103_CT1,133661,NG (Natural Gas),161.5,71.33,6.5
ID_55103_CT2,133661,NG (Natural Gas),161.5,71.33,6.5
ID_55103_ST1,133661,NG (Natural Gas),178.5,78.84,6.5
ID_55328_CTG1,106001,NG (Natural Gas),212.5,93.86,6.5
ID_55328_CTG2,106001,NG (Natural Gas),212.5,93.86,6.5
ID_55328_STG1,106001,NG (Natural Gas),264.4,116.79,6.5
ID_7931_1,135041,NG (Natural Gas),170.0,75.09,6.5
ID_7931_2,135041,NG (Natural Gas),117.0,51.68,6.5
ID_56227_1,100331,NG (Natural Gas),312.0,137.81,6.5
ID_56227_2,100331,NG (Natural Gas),171.0,75.53,6.5
ID_57653_CTG,131751,NG (Natural Gas),5.5,2.43,6.5
ID_54950_CTG1,131751,NG (Natural Gas),7.5,3.31,9.081563000000001
ID_54950_STG1,131751,NG (Natural Gas),3.5,1.55,9.081563000000001
ID_55544_GT3,133661,NG (Natural Gas),29.4,12.99,10.707001
ID_55544_GT4,133661,NG (Natural Gas),29.4,12.99,10.707001
ID_58266_1,100331,NG (Natural Gas),18.8,8.3,8.673236999999999
ID_58266_10,100331,NG (Natural Gas),18.8,8.3,8.673236999999999
ID_58266_11,100331,NG (Natural Gas),18.8,8.3,8.673236999999999
ID_58266_12,100331,NG (Natural Gas),18.8,8.3,8.673236999999999
ID_58266_2,100331,NG (Natural Gas),18.8,8.3,8.673236999999999
ID_58266_3,100331,NG (Natural Gas),18.8,8.3,8.673236999999999
ID_58266_4,100331,NG (Natural Gas),18.8,8.3,8.673236999999999
ID_58266_5,100331,NG (Natural Gas),18.8,8.3,8.673236999999999
ID_58266_6,100331,NG (Natural Gas),18.8,8.3,8.673236999999999
ID_58266_7,100331,NG (Natural Gas),18.8,8.3,8.673236999999999
ID_58266_8,100331,NG (Natural Gas),18.8,8.3,8.673236999999999
ID_58266_9,100331,NG (Natural Gas),18.8,8.3,8.673236999999999
ID_55302_1,500991,BIO,1.6,0.55,9.0
ID_56554_Unit1,500991,BIO,0.8,0.27,12.398696
ID_56554_Unit2,500991,BIO,0.8,0.27,12.398696
ID_56554_Unit3,500991,BIO,1.6,0.55,12.398696
ID_60349_LFGG3,500991,BIO,1.0,0.34,11.518835999999999
ID_56853_1,500991,BIO,1.6,0.55,11.982437
ID_56853_2,500991,BIO,1.6,0.55,11.982437
ID_56853_3,500991,BIO,1.6,0.55,11.982437
ID_58130_BMBN,500241,BIO,1.6,0.55,10.748012000000001
ID_58130_BMBS,500241,BIO,1.6,0.55,10.748012000000001
ID_8069_2,500991,BIT (Bituminous Coal),496.0,223.99,10.242629999999998
ID_8069_1,500991,BIT (Bituminous Coal),541.3,244.45,10.242629999999998
ID_6165_1,500991,BIT (Bituminous Coal),525.0,237.09,10.130113
ID_6165_2,500991,BIT (Bituminous Coal),525.0,237.09,10.130113
ID_6165_3,500991,BIT (Bituminous Coal),527.2,238.08,10.130113
ID_6481_1,500241,BIT (Bituminous Coal),820.0,370.31,9.701464
ID_7790_1,600031,BIT (Bituminous Coal),499.5,225.57,10.291716000000001
ID_6481_2,500241,BIT (Bituminous Coal),820.0,370.31,9.701464
ID_50951_GEN1,503161,BIT (Bituminous Coal),58.1,26.24,12.364421
ID_56163_4,500991,BIT (Bituminous Coal),82.0,37.03,12.482055
ID_56102_CT1A,500991,NG (Natural Gas),172.0,75.97,6.5
ID_56102_CT1B,500991,NG (Natural Gas),172.0,75.97,6.5
ID_56102_ST1,500991,NG (Natural Gas),305.0,134.72,6.5
ID_56237_CT01,500991,NG (Natural Gas),203.0,89.67,6.5
ID_56237_CT02,500991,NG (Natural Gas),203.0,89.67,6.5
ID_56237_ST01,500991,NG (Natural Gas),251.0,110.87,6.5
ID_56237_CT21,500991,NG (Natural Gas),206.0,90.99,6.5
ID_56237_CT22,500991,NG (Natural Gas),206.0,90.99,6.5
ID_56237_ST2,500991,NG (Natural Gas),316.0,139.58,6.5
ID_3648_4,500991,NG (Natural Gas),71.0,31.36,16.902054
ID_3648_5,500991,NG (Natural Gas),71.0,31.36,16.902054
ID_3648_6,500991,NG (Natural Gas),71.0,31.36,16.902054
ID_8010_3,500991,NG (Natural Gas),14.0,6.18,11.946971
ID_55622_U1,500991,NG (Natural Gas),43.4,19.17,10.425852
ID_55622_U2,500991,NG (Natural Gas),43.4,19.17,10.425852
ID_55622_U5,500991,NG (Natural Gas),43.4,19.17,10.425852
ID_7111_4,500991,NG (Natural Gas),1.9,0.84,9.095244000000001
ID_7111_NA9,500991,NG (Natural Gas),1.9,0.84,9.095244000000001
ID_7111_1,500991,NG (Natural Gas),1.4,0.62,9.095244000000001
ID_7111_2,500991,NG (Natural Gas),1.4,0.62,9.095244000000001
ID_57899_4,500001,NG (Natural Gas),2.0,0.88,13.729058
ID_57899_5,500001,NG (Natural Gas),2.0,0.88,13.729058
ID_58139_TURBI,501961,NG (Natural Gas),5.0,2.21,13.028407
ID_56253_MC1,500001,NG (Natural Gas),40.0,17.67,7.9093990000000005
ID_57899_6,500001,NG (Natural Gas),2.0,0.88,13.729058
ID_57899_7,500001,NG (Natural Gas),2.0,0.88,13.729058
ID_57899_8,500001,NG (Natural Gas),2.0,0.88,13.729058
ID_59660_9,500001,NG (Natural Gas),2.0,0.88,12.717949
ID_58597_CGN1,500991,NG (Natural Gas),7.4,3.27,10.760768
ID_59660_3,500001,NG (Natural Gas),2.0,0.88,12.717949
ID_59660_4,500001,NG (Natural Gas),2.0,0.88,12.717949
ID_56253_MC2,500001,NG (Natural Gas),40.0,17.67,7.9093990000000005
ID_3665_2A,500991,NG (Natural Gas),12.6,5.57,10.870914
ID_3665_3A,500991,NG (Natural Gas),12.6,5.57,10.870914
ID_7111_11,500991,NG (Natural Gas),1.9,0.84,9.095244000000001
ID_7111_12,500991,NG (Natural Gas),2.3,1.02,9.095244000000001
ID_3648_1,500991,NG (Natural Gas),70.5,31.14,16.902054
ID_3648_2,500991,NG (Natural Gas),75.0,33.13,16.902054
ID_3648_3,500991,NG (Natural Gas),133.6,59.01,16.902054
ID_7080_2,500001,OIL,7.0,2.46,10.228956
ID_7767_1,500001,OIL,1.7,0.6,9.0
ID_7767_2,500001,OIL,1.7,0.6,9.0
ID_7767_3,500001,OIL,1.7,0.6,9.0
ID_7767_4,500001,OIL,1.7,0.6,9.0
ID_7767_5,500001,OIL,1.7,0.6,9.0
ID_7767_6,500001,OIL,1.7,0.6,9.0
ID_57899_2,500001,OIL,1.7,0.6,13.614369
ID_57899_3,500001,OIL,1.7,0.6,13.614369
ID_57899_1,500001,OIL,1.7,0.6,13.614369
ID_550_1,110161,BIO,50.7,17.37,14.621450999999999
ID_50886_GEN1,106771,BIO,26.0,8.91,22.433452000000003
ID_7832_7,135041,BIO,10.0,3.43,9.0
ID_7832_8,135041,BIO,10.0,3.43,9.0
ID_50329_4,102281,BIO,2.3,0.79,10.353861
ID_50329_5,102281,BIO,2.3,0.79,10.353861
ID_58352_G11,100221,BIO,20.0,6.85,11.609335
ID_58688_A,103441,BIO,1.5,0.51,10.950562
ID_58688_B,103441,BIO,1.5,0.51,10.950562
ID_58688_C,103441,BIO,1.5,0.51,10.950562
ID_3845_2,100251,BIT (Bituminous Coal),729.9,329.62,11.228277
ID_54476_GEN1,102281,NG (Natural Gas),87.8,38.78,6.5
ID_54537_CT1A,102281,NG (Natural Gas),95.9,42.36,6.5
ID_54537_CT1B,102281,NG (Natural Gas),95.9,42.36,6.5
ID_54537_ST1,102281,NG (Natural Gas),93.7,41.39,6.5
ID_7605_1,100931,NG (Natural Gas),248.0,109.54,7.288451
ID_55818_FICT,103441,NG (Natural Gas),192.0,84.81,6.5
ID_55818_FIST,103441,NG (Natural Gas),126.3,55.79,6.5
ID_55662_CA,100251,NG (Natural Gas),230.0,101.59,6.5
ID_55662_CT1,100251,NG (Natural Gas),234.0,103.36,6.5
ID_55662_CT2,100251,NG (Natural Gas),234.0,103.36,6.5
ID_55482_G1,135041,NG (Natural Gas),170.0,75.09,6.5
ID_55482_G2,135041,NG (Natural Gas),114.3,50.49,6.5
ID_7999_CT1,100221,NG (Natural Gas),175.0,77.3,6.5
ID_7999_CT2,100221,NG (Natural Gas),175.0,77.3,6.5
ID_7999_ST1,100221,NG (Natural Gas),300.0,132.51,6.5
ID_55700_1STG,100351,NG (Natural Gas),133.0,58.75,6.5
ID_55700_CTG1,100351,NG (Natural Gas),186.0,82.16,6.5
ID_6120_2,102281,NG (Natural Gas),84.6,37.37,17.578107
ID_6120_3,102281,NG (Natural Gas),84.6,37.37,17.578107
ID_607_1,102281,NG (Natural Gas),129.1,57.02,12.461413
ID_607_2,102281,NG (Natural Gas),129.1,57.02,12.461413
ID_54268_GTG1,102281,NG (Natural Gas),46.6,20.58,11.493212
ID_54268_GTG2,102281,NG (Natural Gas),46.6,20.58,11.493212
ID_54268_GTG3,102281,NG (Natural Gas),46.6,20.58,11.493212
ID_607_3,102281,NG (Natural Gas),58.9,26.02,12.461413
ID_607_4,102281,NG (Natural Gas),58.9,26.02,12.461413
ID_8022_6,106771,NG (Natural Gas),4.1,1.81,9.140004000000001
ID_56017_GT1,106001,NG (Natural Gas),11.4,5.04,8.037
ID_56017_GT2,106001,NG (Natural Gas),11.4,5.04,8.037
ID_56017_GT3,106001,NG (Natural Gas),11.4,5.04,8.037
ID_56017_GT4,106001,NG (Natural Gas),11.4,5.04,8.037
ID_54809_DG3,102281,OIL,2.0,0.7,10.158528
ID_54809_DG4,102281,OIL,2.0,0.7,10.158528
ID_54809_DG5,102281,OIL,2.0,0.7,10.158528
ID_54809_DG6,102281,OIL,2.0,0.7,10.158528
ID_54809_DG7,102281,OIL,2.0,0.7,10.158528
ID_56016_3,106771,OIL,1.8,0.63,9.289716
ID_56596_5,700631,BIT (Bituminous Coal),116.0,52.39,11.566917
ID_4162_3,503161,BIT (Bituminous Coal),384.0,173.41,10.765244000000001
ID_4158_4,701721,BIT (Bituminous Coal),400.0,180.64,11.317124
ID_8066_1,701551,BIT (Bituminous Coal),608.3,274.71,10.403897
ID_8066_2,701551,BIT (Bituminous Coal),617.0,278.64,10.403897
ID_8066_3,701551,BIT (Bituminous Coal),608.3,274.71,10.403897
ID_6101_1,700631,BIT (Bituminous Coal),402.3,181.68,12.127539
ID_8066_4,701551,BIT (Bituminous Coal),608.3,274.71,10.403897
ID_6204_1,701721,BIT (Bituminous Coal),570.0,257.41,10.205506999999999
ID_6204_2,701721,BIT (Bituminous Coal),570.0,257.41,10.205506999999999
ID_6204_3,701721,BIT (Bituminous Coal),570.0,257.41,10.205506999999999
ID_7504_2,700631,BIT (Bituminous Coal),90.0,40.64,12.393347
ID_55479_0001,700631,BIT (Bituminous Coal),90.0,40.64,11.654817
ID_56319_0001,700631,BIT (Bituminous Coal),95.0,42.9,11.963424000000002
ID_56609_01,700631,BIT (Bituminous Coal),483.7,218.44,10.683565
ID_4158_1,701721,BIT (Bituminous Coal),133.6,60.33,11.317124
ID_4158_2,701721,BIT (Bituminous Coal),133.6,60.33,11.317124
ID_4162_1,503161,BIT (Bituminous Coal),192.0,86.71,10.765244000000001
ID_4158_3,701721,BIT (Bituminous Coal),255.0,115.16,11.317124
ID_4162_2,503161,BIT (Bituminous Coal),256.0,115.61,10.765244000000001
ID_57703_01A,701721,NG (Natural Gas),40.0,17.67,6.936308
ID_57703_01B,701721,NG (Natural Gas),40.0,17.67,6.936308
ID_57703_01C,701721,NG (Natural Gas),20.0,8.83,6.936308
ID_55477_GT2,700631,NG (Natural Gas),40.0,17.67,12.52711
ID_8026_2,700631,NG (Natural Gas),7.5,3.31,15.625912
ID_8026_3,700631,NG (Natural Gas),7.5,3.31,15.625912
ID_8028_1,700631,NG (Natural Gas),7.5,3.31,14.529800999999999
ID_8028_2,700631,NG (Natural Gas),7.5,3.31,14.529800999999999
ID_8028_3,700631,NG (Natural Gas),7.5,3.31,14.529800999999999
ID_8030_1,700631,NG (Natural Gas),7.5,3.31,10.5625
ID_8030_2,700631,NG (Natural Gas),7.5,3.31,10.5625
ID_8030_3,700631,NG (Natural Gas),7.5,3.31,10.5625
ID_57703_02A,701721,NG (Natural Gas),40.0,17.67,6.936308
ID_60130_5,701551,NG (Natural Gas),1.6,0.71,10.63669
ID_60130_6,701551,NG (Natural Gas),1.6,0.71,10.63669
ID_7039_1,700161,OIL,2.7,0.95,9.898058
ID_2196_2,700001,OIL,1.0,0.35,11.905063
ID_6008_1,408441,NUC (Nuclear),1403.2,1403.2,10.458497999999999
ID_6008_2,408441,NUC (Nuclear),1403.2,1403.2,10.458497999999999
ID_6008_3,408441,NUC (Nuclear),1403.2,1403.2,10.458497999999999
ID_6099_1,261331,NUC (Nuclear),1159.0,1159.0,10.458497999999999
ID_6099_2,261331,NUC (Nuclear),1164.0,1164.0,10.458497999999999
ID_371_2,106001,NUC (Nuclear),1200.0,1200.0,10.458497999999999
